family,n,rep,gain,wins
strong,1,0,0.22393307483039138,2
strong,1,1,0.26487485243931375,0
strong,1,2,1.7630258844676006,0
strong,1,3,1.4754222666176722,0
strong,1,4,0.4369153829082896,1
strong,1,5,0.4335817298243181,1
strong,1,6,1.8125260919905744,0
strong,1,7,1.4754222666176722,0
strong,1,8,0.23237570998050028,0
strong,1,9,0.2693001560369457,0
strong,1,10,1.011313832961657,0
strong,1,11,0.8725186936383322,0
strong,1,12,0.27728006048981724,1
strong,1,13,1.8125260919905744,0
strong,1,14,0.26838688678742917,0
strong,1,15,0.39607823430778666,0
strong,1,16,0.27031668483940474,0
strong,1,17,0.26768255341218494,0
strong,1,18,0.38807060695801876,1
strong,1,19,0.4369153829082896,1
strong,1,20,0.3703179236292683,1
strong,1,21,1.7630258844676006,0
strong,1,22,1.1504743659741576,0
strong,1,23,0.36828828707294714,0
strong,1,24,1.8125260919905744,0
strong,1,25,0.24264717971411198,1
strong,1,26,0.18556584889545014,2
strong,1,27,1.4352765714511968,0
strong,1,28,0.47051757025383656,0
strong,1,29,0.2693001560369457,0
strong,1,30,0.47051757025383656,0
strong,1,31,0.18556584889545014,2
strong,1,32,1.7713440075148146,0
strong,1,33,0.4335817298243181,1
strong,1,34,0.3955431181256269,0
strong,1,35,0.40342764823412536,0
strong,1,36,0.2585032556007911,0
strong,1,37,0.4051341240824565,1
strong,1,38,0.26487485243931375,0
strong,1,39,0.26838688678742917,0
strong,1,40,0.2731375492376892,0
strong,1,41,1.7630258844676006,0
strong,1,42,0.5104401128702247,1
strong,1,43,0.36044561784762463,0
strong,1,44,0.25066423594275433,0
strong,1,45,0.26839229877616344,0
strong,1,46,0.3798413865715702,2
strong,1,47,1.7713440075148146,0
strong,1,48,1.8186460302262697,0
strong,1,49,1.6495062885979688,0
strong,1,50,0.38807060695801876,1
strong,1,51,0.28799453527999885,0
strong,1,52,0.34853797697657596,1
strong,1,53,0.26768255341218494,0
strong,1,54,0.25756201218606023,0
strong,1,55,0.36044561784762463,0
strong,1,56,0.28799453527999885,0
strong,1,57,0.3557970031426688,3
strong,1,58,0.24688085170321517,0
strong,1,59,1.6495062885979688,0
strong,1,60,0.8725186936383322,0
strong,1,61,0.27702957126517824,0
strong,1,62,0.34853797697657596,1
strong,1,63,0.3798413865715702,2
strong,1,64,0.8725186936383322,0
strong,1,65,0.3047116438205588,0
strong,1,66,0.18556584889545014,2
strong,1,67,1.4352765714511968,0
strong,1,68,0.6212162363725618,0
strong,1,69,0.26194059826090765,0
strong,1,70,1.4754222666176722,0
strong,1,71,0.5056623820661994,0
strong,1,72,0.8725186936383322,0
strong,1,73,0.3419387463673823,2
strong,1,74,0.28799453527999885,0
strong,1,75,0.36828828707294714,0
strong,1,76,1.011313832961657,0
strong,1,77,0.18556584889545014,2
strong,1,78,0.6212162363725618,0
strong,1,79,0.5104401128702247,1
strong,1,80,0.18556584889545014,2
strong,1,81,0.27031668483940474,0
strong,1,82,1.4754222666176722,0
strong,1,83,0.5407841351177329,0
strong,1,84,0.25503901989669364,0
strong,1,85,0.2325904958567091,1
strong,1,86,1.8125260919905744,0
strong,1,87,0.26838688678742917,0
strong,1,88,0.5988961631615707,0
strong,1,89,1.1504743659741576,0
strong,1,90,0.2556803956951742,0
strong,1,91,0.26487485243931375,0
strong,1,92,0.2608651219630569,0
strong,1,93,0.26487485243931375,0
strong,1,94,1.7713440075148146,0
strong,1,95,1.7630258844676006,0
strong,1,96,0.5104401128702247,1
strong,1,97,0.4445766478753548,1
strong,1,98,0.26768255341218494,0
strong,1,99,1.8125260919905744,0
strong,2,0,0.27593196959576693,0
strong,2,1,0.6191992833697196,0
strong,2,2,0.1788575381204237,0
strong,2,3,0.05163837152529405,4
strong,2,4,0.16444754749084634,1
strong,2,5,0.35060795062825023,0
strong,2,6,0.16532194843486037,0
strong,2,7,0.14594497050949584,2
strong,2,8,0.7475715459697859,0
strong,2,9,0.10950065426593591,2
strong,2,10,0.5806697632468838,1
strong,2,11,0.24498453677185927,0
strong,2,12,1.156611602100023,0
strong,2,13,0.4550431223800169,0
strong,2,14,0.014114360283265737,4
strong,2,15,0.16882798489686768,0
strong,2,16,0.2632484916083808,0
strong,2,17,0.1947434816855209,1
strong,2,18,0.12461559586917281,3
strong,2,19,0.7249021395721711,1
strong,2,20,0.3421226745934739,0
strong,2,21,0.1372327961336246,0
strong,2,22,0.27415907466561285,0
strong,2,23,0.7357551068338924,0
strong,2,24,1.4195968121716276,0
strong,2,25,0.3690266363868424,2
strong,2,26,0.5716596821929688,0
strong,2,27,0.6022471409750441,0
strong,2,28,0.11497869723032439,0
strong,2,29,0.2489945448432681,0
strong,2,30,0.3133084271080284,0
strong,2,31,0.08468410452897601,2
strong,2,32,0.5926644159265516,0
strong,2,33,0.2664735503655101,0
strong,2,34,0.25790385819262307,2
strong,2,35,0.028029312723613642,4
strong,2,36,0.728385429621991,1
strong,2,37,0.5009766475083575,1
strong,2,38,0.24347388104877665,2
strong,2,39,0.7529470206435541,1
strong,2,40,0.026278758877733344,3
strong,2,41,0.2973519682269439,0
strong,2,42,0.6183650190026677,0
strong,2,43,0.48318390890935803,0
strong,2,44,0.0656468016008932,3
strong,2,45,0.23185056987351582,1
strong,2,46,0.07243842250519761,3
strong,2,47,0.10129587334843926,1
strong,2,48,0.27176111001649517,0
strong,2,49,0.25483317011050544,0
strong,2,50,0.14442693674321316,2
strong,2,51,0.23861955540160773,2
strong,2,52,0.2755197499646166,0
strong,2,53,0.19761226699188583,2
strong,2,54,0.2661133912493975,0
strong,2,55,0.6424670419810184,0
strong,2,56,0.4481640092864031,0
strong,2,57,0.6243008341916955,0
strong,2,58,0.14000816932107207,2
strong,2,59,0.14198335968800313,1
strong,2,60,0.2966993649575195,0
strong,2,61,0.07975658297708554,0
strong,2,62,0.049885093062752794,4
strong,2,63,0.14257672308416536,0
strong,2,64,0.10451437955146636,1
strong,2,65,0.7236293538214101,0
strong,2,66,0.15807519710808726,0
strong,2,67,0.4256262591574296,0
strong,2,68,0.13286302070035716,0
strong,2,69,1.156611602100023,0
strong,2,70,0.4659338639392461,0
strong,2,71,0.11321199599730414,1
strong,2,72,0.07322168459258149,1
strong,2,73,0.4647113562943893,0
strong,2,74,1.602186925169112,0
strong,2,75,0.6966322943293557,0
strong,2,76,0.1634434443546,1
strong,2,77,0.08328670297753693,1
strong,2,78,0.24425105799646885,0
strong,2,79,0.4106826652421032,1
strong,2,80,0.6404238063396219,0
strong,2,81,0.10442460136715648,3
strong,2,82,0.12488647953625209,0
strong,2,83,0.1443970556124642,0
strong,2,84,0.6509994977950282,0
strong,2,85,0.1538648329673571,1
strong,2,86,0.4746662150264356,0
strong,2,87,0.6140267351484912,0
strong,2,88,0.06930144951984607,3
strong,2,89,0.12013151293121604,0
strong,2,90,0.39842181118143927,1
strong,2,91,0.6418588014977956,1
strong,2,92,0.12688193779299828,2
strong,2,93,0.044813757419033595,2
strong,2,94,0.1495655938808036,1
strong,2,95,0.49933280769512767,0
strong,2,96,0.06489726766460924,3
strong,2,97,0.147050639887357,2
strong,2,98,0.5293866739727984,1
strong,2,99,0.0656468016008932,3
strong,3,0,0.3367497720394421,0
strong,3,1,0.2560164226146838,0
strong,3,2,0.09452137900463697,2
strong,3,3,0.2619066540155752,1
strong,3,4,0.18252574168339364,0
strong,3,5,0.2834594800772794,0
strong,3,6,0.3782666935866439,0
strong,3,7,-0.022360691073660455,4
strong,3,8,0.15751251411493183,0
strong,3,9,0.16090734967249132,0
strong,3,10,0.27326345032873944,0
strong,3,11,0.1196884369271608,2
strong,3,12,0.09294228703463803,1
strong,3,13,0.6509550984954814,1
strong,3,14,0.2033393753925571,1
strong,3,15,0.38124225459423766,1
strong,3,16,0.1441667608307755,2
strong,3,17,0.08133172956873613,1
strong,3,18,0.21205191259349176,0
strong,3,19,0.5447777562994378,0
strong,3,20,-0.012036753917002652,3
strong,3,21,0.14171555784471923,0
strong,3,22,0.05169527391833839,2
strong,3,23,0.15577273947506032,2
strong,3,24,-0.009994871609380729,5
strong,3,25,0.1878434610642863,0
strong,3,26,0.23048606422169982,1
strong,3,27,0.7162492829589612,0
strong,3,28,0.39015671189400636,1
strong,3,29,0.1561718584764239,2
strong,3,30,0.09424182215829213,1
strong,3,31,0.2650194834286196,2
strong,3,32,0.18307338791775296,1
strong,3,33,0.367013407887848,0
strong,3,34,0.11612453238919807,1
strong,3,35,0.1553254716904373,0
strong,3,36,0.13361182087019086,2
strong,3,37,0.25361887463046706,2
strong,3,38,0.11581801540931547,0
strong,3,39,0.08059209249307386,2
strong,3,40,0.0877797884487993,2
strong,3,41,0.12157993330678141,0
strong,3,42,0.18355954146378972,0
strong,3,43,0.21335229901169406,0
strong,3,44,0.2649060023752825,1
strong,3,45,0.05981186483765066,2
strong,3,46,0.3630153895257364,2
strong,3,47,0.19204771838624912,1
strong,3,48,0.1813553539846633,1
strong,3,49,0.22233395091103048,1
strong,3,50,0.1710039976357145,2
strong,3,51,0.11475278810277745,2
strong,3,52,0.2257568577936272,0
strong,3,53,0.16811096000605397,1
strong,3,54,0.4462115539110114,0
strong,3,55,0.39743799600231033,2
strong,3,56,0.28070624398013244,2
strong,3,57,0.19299769551908263,2
strong,3,58,0.07028006109795237,2
strong,3,59,0.2702234582727212,0
strong,3,60,0.18841137361845828,0
strong,3,61,0.118072531386892,1
strong,3,62,0.07393660007888525,2
strong,3,63,0.20246387359316043,1
strong,3,64,0.4066534440368905,0
strong,3,65,0.6598028295409498,0
strong,3,66,-0.007703943911844813,3
strong,3,67,0.1791483408774477,0
strong,3,68,0.0752712202682082,2
strong,3,69,0.11090388399612305,4
strong,3,70,0.47161250240858665,2
strong,3,71,0.08996500629233595,1
strong,3,72,0.07631496700686968,1
strong,3,73,0.46674142614083636,2
strong,3,74,0.10833872937451194,1
strong,3,75,0.06877820333847184,1
strong,3,76,0.09604757453381574,3
strong,3,77,0.814865180596811,0
strong,3,78,0.010753452752498283,2
strong,3,79,0.16718938837431618,1
strong,3,80,0.18238108911187023,1
strong,3,81,0.27505685862821205,1
strong,3,82,0.3157201400663593,1
strong,3,83,0.002260918604631179,5
strong,3,84,0.7699786441383032,0
strong,3,85,-0.0018524951657848954,4
strong,3,86,0.407494406257933,1
strong,3,87,-0.014572973119732269,3
strong,3,88,0.16439439728991123,0
strong,3,89,0.06064776790363369,2
strong,3,90,0.11737946695642187,0
strong,3,91,0.11326847007344776,1
strong,3,92,0.17864487781115024,1
strong,3,93,0.02235039178494025,3
strong,3,94,0.2146376430146688,0
strong,3,95,0.3509495958456009,2
strong,3,96,0.16909363042489522,0
strong,3,97,0.14182016675439224,1
strong,3,98,0.1047971174396416,1
strong,3,99,0.08363266101026723,1
strong,4,0,-0.06432253978795599,6
strong,4,1,0.09197302945198094,2
strong,4,2,0.10434071567143499,1
strong,4,3,0.07947410120570986,0
strong,4,4,0.04602881342630094,3
strong,4,5,0.2132093584368039,0
strong,4,6,0.08287029140315594,2
strong,4,7,0.131445000137706,1
strong,4,8,0.05257315312587363,2
strong,4,9,0.2554644066936329,0
strong,4,10,0.20418785255928562,0
strong,4,11,0.20495323125334608,0
strong,4,12,0.11982876573321255,1
strong,4,13,0.14454194651971852,0
strong,4,14,0.14347098856712703,1
strong,4,15,0.19767662298189292,0
strong,4,16,0.2125341254953873,0
strong,4,17,0.04162062066201322,5
strong,4,18,0.18734474790888733,0
strong,4,19,0.06409211169426432,3
strong,4,20,0.03751675936524157,4
strong,4,21,-0.0018657458468309684,5
strong,4,22,0.10163561589241754,1
strong,4,23,0.09649333569762863,2
strong,4,24,0.12027713385659189,0
strong,4,25,0.3382192192997623,1
strong,4,26,0.2839615053158795,1
strong,4,27,0.06001999808826253,3
strong,4,28,0.109914091693748,0
strong,4,29,0.08844969864438756,1
strong,4,30,0.06198338140866111,2
strong,4,31,0.26956625255685174,1
strong,4,32,0.17285788230896038,0
strong,4,33,0.20217209175769146,1
strong,4,34,0.09316572533892076,4
strong,4,35,0.42475842926878393,1
strong,4,36,0.014761715749636029,4
strong,4,37,0.15493565422407563,2
strong,4,38,0.10993126993606961,1
strong,4,39,0.23413415949136196,0
strong,4,40,0.17795038789437367,2
strong,4,41,0.4125847942345222,0
strong,4,42,0.15828471303278624,3
strong,4,43,0.036292933589821,3
strong,4,44,0.16993780639753198,1
strong,4,45,0.21108789356948088,2
strong,4,46,0.08501194223863662,1
strong,4,47,0.13163201278496617,0
strong,4,48,0.11157447169648838,0
strong,4,49,0.1536555395051934,1
strong,4,50,0.24219142506736502,1
strong,4,51,0.2252957131292178,1
strong,4,52,0.15815380551798586,1
strong,4,53,0.1396718468784971,1
strong,4,54,0.2627894016945075,1
strong,4,55,0.045943876795390026,3
strong,4,56,0.13230819675646532,0
strong,4,57,0.12153035832146897,2
strong,4,58,-0.02010717853412125,5
strong,4,59,0.18820872587650272,0
strong,4,60,0.3948042715226703,0
strong,4,61,0.2342086346885084,3
strong,4,62,0.12382415031258753,2
strong,4,63,0.175333104088372,1
strong,4,64,0.12889736774812643,0
strong,4,65,0.14365790257745992,0
strong,4,66,-0.04545845112116831,6
strong,4,67,0.08969305541608708,1
strong,4,68,0.185080410138857,1
strong,4,69,0.2995137086435202,0
strong,4,70,0.2898972807211545,0
strong,4,71,0.07184045117594673,2
strong,4,72,0.18388144871535306,1
strong,4,73,0.15876076518939797,2
strong,4,74,0.12129065480029122,0
strong,4,75,0.07760524553189574,3
strong,4,76,0.06982358800105748,2
strong,4,77,0.3469874374669174,0
strong,4,78,0.1121081420161405,0
strong,4,79,0.23537541141949148,2
strong,4,80,0.20392960502533775,3
strong,4,81,0.147524223819412,2
strong,4,82,0.10264643434633924,1
strong,4,83,0.3309784848428847,0
strong,4,84,-0.0563026511405168,5
strong,4,85,0.14903805114669166,1
strong,4,86,0.02882290467852644,3
strong,4,87,0.005004829155286661,5
strong,4,88,0.1920050090135107,0
strong,4,89,0.055508791566728166,2
strong,4,90,0.15638462195701486,1
strong,4,91,0.1718308747051671,2
strong,4,92,0.09883159130486407,1
strong,4,93,0.13081199608350624,1
strong,4,94,0.21238286215466518,0
strong,4,95,-0.008860488595314742,4
strong,4,96,0.3822045803395333,0
strong,4,97,0.08861811315345536,1
strong,4,98,0.007262328368539794,4
strong,4,99,0.42059698261753264,1
strong,6,0,0.14065643824415108,1
strong,6,1,0.1534799070732512,2
strong,6,2,0.13386329668437225,0
strong,6,3,0.03143797151935401,2
strong,6,4,0.134528722934382,0
strong,6,5,0.12133883915108246,0
strong,6,6,0.11071073665571995,1
strong,6,7,-0.011258423207766044,4
strong,6,8,0.11061386324252309,2
strong,6,9,0.16074760488392803,0
strong,6,10,-0.00021318127807845588,5
strong,6,11,0.04803883637148143,4
strong,6,12,0.00408406642221093,3
strong,6,13,0.10078692703317815,1
strong,6,14,0.008738414743148626,5
strong,6,15,0.1573716452042918,0
strong,6,16,0.42207037805857217,1
strong,6,17,0.21617935333567917,0
strong,6,18,0.20275788666039318,1
strong,6,19,0.1337783315475597,2
strong,6,20,0.15949737198289526,1
strong,6,21,0.1276394712942216,1
strong,6,22,0.12822499512313723,1
strong,6,23,0.22960973176819766,1
strong,6,24,0.11317358388401444,0
strong,6,25,0.018169637445770714,4
strong,6,26,0.01760729881664458,3
strong,6,27,0.23449169033956418,0
strong,6,28,0.1412336573915729,0
strong,6,29,0.07458705489322137,1
strong,6,30,-0.06843019953952101,6
strong,6,31,0.09025703140449415,1
strong,6,32,0.11606863378385257,0
strong,6,33,0.03533898490608944,2
strong,6,34,0.23495320277395293,0
strong,6,35,0.03375992255357074,3
strong,6,36,0.27699126208133706,0
strong,6,37,0.20633846222433705,0
strong,6,38,0.031163508404641438,1
strong,6,39,-0.007402504894638895,5
strong,6,40,0.022026930732439776,4
strong,6,41,0.039389417202606136,2
strong,6,42,0.23705738949560273,0
strong,6,43,0.19759196975969207,0
strong,6,44,0.03578520235553129,3
strong,6,45,-0.03119062750889845,6
strong,6,46,0.16734547613495476,0
strong,6,47,0.03531236876646038,2
strong,6,48,0.2535388139547837,0
strong,6,49,0.04364904123793101,2
strong,6,50,0.21322177221930272,0
strong,6,51,0.01910602917150339,3
strong,6,52,0.12465352467774271,0
strong,6,53,0.023080955340612386,4
strong,6,54,0.001518695872841258,4
strong,6,55,0.06113981808539848,1
strong,6,56,0.08357972599363661,1
strong,6,57,0.40132685229954257,1
strong,6,58,0.06896356699806416,2
strong,6,59,-0.025516224849321922,4
strong,6,60,0.17648078272073675,0
strong,6,61,0.10551976891721826,2
strong,6,62,0.15644454670691033,0
strong,6,63,0.08207272068922544,1
strong,6,64,0.022488313061820753,2
strong,6,65,0.19311464124093058,0
strong,6,66,0.14704803307991554,1
strong,6,67,0.07307969252744029,2
strong,6,68,0.1383284081250047,1
strong,6,69,0.09650762609139085,1
strong,6,70,-0.028806512010554175,5
strong,6,71,0.04746022945183681,1
strong,6,72,0.1358263351075495,0
strong,6,73,0.1133482417447319,0
strong,6,74,-0.0009036874963153085,6
strong,6,75,0.1524914565902249,2
strong,6,76,-0.011577352138613217,3
strong,6,77,0.024212333209528314,4
strong,6,78,-0.016806993190911168,4
strong,6,79,0.07213356912744717,1
strong,6,80,0.23671769042689206,0
strong,6,81,0.10919706882852087,1
strong,6,82,0.05020363528114724,2
strong,6,83,0.06388751091161649,4
strong,6,84,0.17241122445666845,0
strong,6,85,0.1906016920401109,0
strong,6,86,0.09155009274688775,1
strong,6,87,0.013988451754766484,2
strong,6,88,0.14799386082843446,2
strong,6,89,0.13663095721750196,3
strong,6,90,-0.010813881853647067,4
strong,6,91,0.31975650260275956,0
strong,6,92,0.09099344759870198,3
strong,6,93,0.08061624712553317,0
strong,6,94,0.08754717476182738,2
strong,6,95,0.040174938270336136,3
strong,6,96,0.029358598538944625,3
strong,6,97,-0.04176393572699866,5
strong,6,98,0.24911180925348153,0
strong,6,99,-0.015546340890870258,4
strong,8,0,0.07557416593670097,2
strong,8,1,0.1244673384811128,0
strong,8,2,0.08440892239828657,4
strong,8,3,0.10955186233815417,0
strong,8,4,0.0144810684854626,3
strong,8,5,0.06217889333056381,3
strong,8,6,0.11482326776285157,0
strong,8,7,0.25520693326524646,0
strong,8,8,-0.039835407497608166,5
strong,8,9,0.056986156353773576,1
strong,8,10,0.012382063989733183,5
strong,8,11,0.22839866699747358,2
strong,8,12,0.39106760817189445,1
strong,8,13,0.018713938292036825,4
strong,8,14,0.09137586162996103,1
strong,8,15,0.0950253304451808,1
strong,8,16,0.11784419918633893,1
strong,8,17,0.11035122129379793,0
strong,8,18,0.06495120082613859,0
strong,8,19,0.04253664764778864,2
strong,8,20,0.11592865878418013,0
strong,8,21,0.061953205267581524,4
strong,8,22,0.14615895712701732,0
strong,8,23,0.04920789149522309,3
strong,8,24,0.16832464220173915,0
strong,8,25,0.04830718594132477,2
strong,8,26,0.09825180496222918,0
strong,8,27,0.011835395985219987,2
strong,8,28,0.027709828826755434,3
strong,8,29,0.03420036873233723,3
strong,8,30,0.04046381571812885,3
strong,8,31,-0.03263113569200471,5
strong,8,32,0.016140542858541496,3
strong,8,33,0.06851742180482745,3
strong,8,34,0.08866004085986856,0
strong,8,35,0.07715221866571054,2
strong,8,36,0.04790737453238203,1
strong,8,37,0.06394277541587445,2
strong,8,38,0.032222703779475004,2
strong,8,39,0.08639834958427839,3
strong,8,40,0.05554289827871617,2
strong,8,41,0.019007310016050605,2
strong,8,42,0.16167132501527803,0
strong,8,43,0.10152508742518607,2
strong,8,44,0.015752282514551408,2
strong,8,45,0.015809704178151196,2
strong,8,46,0.07886650597607725,2
strong,8,47,-0.006244795719661744,4
strong,8,48,0.030004104061401304,3
strong,8,49,0.038345139553758734,2
strong,8,50,-0.003370619448683665,4
strong,8,51,0.047385015357871096,1
strong,8,52,0.08472776691470973,4
strong,8,53,0.015776312058846553,4
strong,8,54,0.031118653700739296,3
strong,8,55,0.190987481740706,0
strong,8,56,0.08951146291332579,0
strong,8,57,-0.016527666690426934,4
strong,8,58,0.1117282425667615,1
strong,8,59,0.08352797378861831,2
strong,8,60,-0.03330018749264052,6
strong,8,61,0.012459355100175928,4
strong,8,62,0.09116311704148128,1
strong,8,63,0.13424541348650865,0
strong,8,64,0.016138216419777973,5
strong,8,65,-0.05826350521821422,6
strong,8,66,0.0906455416472951,1
strong,8,67,0.1912652684083418,0
strong,8,68,0.15113772823066185,1
strong,8,69,0.11862737400021095,2
strong,8,70,0.00700138232505787,2
strong,8,71,0.17600116317311876,1
strong,8,72,-0.005393770106344342,3
strong,8,73,0.02504161520274173,4
strong,8,74,-0.04483021398903153,5
strong,8,75,0.2732840011585418,0
strong,8,76,0.005315142508434678,5
strong,8,77,0.09097563710690504,0
strong,8,78,0.11810561583066248,0
strong,8,79,0.07390702697818652,0
strong,8,80,0.12099444791381664,0
strong,8,81,0.12841474247391105,1
strong,8,82,0.044968392206048535,2
strong,8,83,0.04541156861295803,3
strong,8,84,-0.0191308794866879,6
strong,8,85,0.09725443528767419,4
strong,8,86,0.05430174421237699,3
strong,8,87,0.11782296667576297,1
strong,8,88,0.21996661919167126,0
strong,8,89,0.05659671291157142,3
strong,8,90,0.052504929224603925,2
strong,8,91,0.10506072575368208,2
strong,8,92,0.1372004498929782,1
strong,8,93,0.11981536464354847,2
strong,8,94,-0.00038025003478781016,3
strong,8,95,0.07300272119448836,2
strong,8,96,0.03877479375299864,4
strong,8,97,0.0022460828516815967,5
strong,8,98,0.027783358222068122,4
strong,8,99,0.14969226208857378,0
strong,11,0,0.0867240532217507,1
strong,11,1,0.03751709942532788,4
strong,11,2,0.132300705777747,0
strong,11,3,0.0004769085728191236,4
strong,11,4,-0.024610146365433017,4
strong,11,5,0.17619382720631305,2
strong,11,6,0.016850539573369794,3
strong,11,7,0.047347940379415254,2
strong,11,8,0.0485369848380901,2
strong,11,9,-0.06448855172231494,7
strong,11,10,0.067907522448859,2
strong,11,11,0.004895664374540254,4
strong,11,12,0.015034318623331933,2
strong,11,13,-0.021212891785507004,6
strong,11,14,0.008474828468755802,4
strong,11,15,0.023077599020497996,3
strong,11,16,0.07233204414442562,2
strong,11,17,-0.004061253400535647,4
strong,11,18,0.046251530274933894,2
strong,11,19,0.05379810873313706,1
strong,11,20,0.045950885269161135,4
strong,11,21,0.0837273022985845,1
strong,11,22,-0.0360175278810424,6
strong,11,23,0.22024560783074476,1
strong,11,24,0.027822035069363427,4
strong,11,25,0.035697528607326556,1
strong,11,26,0.0466717695783293,2
strong,11,27,0.081974294952594,4
strong,11,28,0.1919051422385456,0
strong,11,29,-0.007015552954520388,5
strong,11,30,0.07912250613053695,1
strong,11,31,0.05374765380533986,2
strong,11,32,0.08517548579366263,2
strong,11,33,-0.0002467358408546616,5
strong,11,34,0.041694662780128344,1
strong,11,35,-0.0292098700374136,5
strong,11,36,0.11011230571774122,1
strong,11,37,0.07279533106591385,2
strong,11,38,0.10217151634795218,0
strong,11,39,0.06636523409766815,0
strong,11,40,0.02107928467918918,4
strong,11,41,0.015412210585865727,4
strong,11,42,0.10119185707532719,0
strong,11,43,-0.015658554099438726,4
strong,11,44,0.063629201867618,0
strong,11,45,0.028984248828932357,1
strong,11,46,0.007013027252059656,3
strong,11,47,0.13594916197076856,1
strong,11,48,0.022457118384626717,3
strong,11,49,0.025471199285170942,3
strong,11,50,0.019231045517821843,2
strong,11,51,0.019664996493278464,3
strong,11,52,0.07289083365282545,3
strong,11,53,0.10160967646066965,0
strong,11,54,0.006222755334544305,4
strong,11,55,-0.02429352057635492,7
strong,11,56,0.12599269087335152,0
strong,11,57,0.03820971793518624,0
strong,11,58,0.038261943580510493,2
strong,11,59,0.1213516400933009,1
strong,11,60,0.009175079405346676,2
strong,11,61,0.00951845670488416,3
strong,11,62,0.018778348612853435,4
strong,11,63,0.08871227086867495,0
strong,11,64,-0.021228812200386526,5
strong,11,65,-0.017237660651475917,6
strong,11,66,0.037234592931110755,3
strong,11,67,0.02313277804250291,4
strong,11,68,0.014389165007614446,3
strong,11,69,0.01703528747554628,4
strong,11,70,0.023873228552541925,3
strong,11,71,-0.05972647910380924,6
strong,11,72,-0.028101844378484397,5
strong,11,73,0.07748609780310689,0
strong,11,74,-0.0165810552709994,5
strong,11,75,-0.004172354207202189,6
strong,11,76,0.10469198824594739,1
strong,11,77,0.173167172306667,2
strong,11,78,0.11528269168028726,1
strong,11,79,0.1347966715863793,2
strong,11,80,0.06758291820417639,1
strong,11,81,0.03410132050125103,1
strong,11,82,0.05180117640363513,1
strong,11,83,0.010372298614569897,4
strong,11,84,0.23703518320136507,0
strong,11,85,0.11089110031547844,2
strong,11,86,0.0699736718452213,1
strong,11,87,0.09033763086327173,1
strong,11,88,0.1291273181661059,2
strong,11,89,-0.00844219542784741,4
strong,11,90,0.04260403218437647,2
strong,11,91,0.07692871005113167,2
strong,11,92,0.03505839943104305,3
strong,11,93,0.04643805783712618,3
strong,11,94,0.03183778399867576,2
strong,11,95,-0.002827522648470193,4
strong,11,96,0.009326802503695664,3
strong,11,97,0.014728504944701348,2
strong,11,98,-0.00996976861130594,4
strong,11,99,-0.016207199563554542,4
strong,16,0,0.07425326561011791,2
strong,16,1,0.016062948937969446,2
strong,16,2,0.029840677384454506,0
strong,16,3,0.030901196738614134,2
strong,16,4,0.02841240621465113,5
strong,16,5,-0.008308995640398109,5
strong,16,6,0.09089445799375229,1
strong,16,7,0.03230441956847718,2
strong,16,8,0.023506889057630764,2
strong,16,9,0.06920707990646802,1
strong,16,10,-0.03619810441157134,6
strong,16,11,-0.02517162328286293,4
strong,16,12,0.018480175701931834,2
strong,16,13,0.05242939082022191,1
strong,16,14,0.05307477214229517,3
strong,16,15,0.008347649480761055,3
strong,16,16,0.0034381840010128117,3
strong,16,17,0.031877560882842215,0
strong,16,18,0.05840583569607283,3
strong,16,19,0.07014359258215119,3
strong,16,20,0.04755742218262948,2
strong,16,21,-0.011302309149231915,6
strong,16,22,0.009499303825618921,4
strong,16,23,0.07155980758350289,0
strong,16,24,-0.0063105646137536775,5
strong,16,25,-0.015703842421805225,7
strong,16,26,0.056303090018933744,2
strong,16,27,0.01593222982492959,3
strong,16,28,-0.014247479593420431,5
strong,16,29,0.013908155752586415,3
strong,16,30,0.016597970059248013,4
strong,16,31,0.014639497771380627,2
strong,16,32,0.04569403282190532,1
strong,16,33,0.03148837017694828,2
strong,16,34,-0.009041328628324297,5
strong,16,35,0.028870572054469856,1
strong,16,36,0.039761927235661076,2
strong,16,37,-0.016171065040278987,4
strong,16,38,-0.010233100132155504,6
strong,16,39,0.061563928891129494,1
strong,16,40,0.010497243352845631,4
strong,16,41,-0.01015047085516707,5
strong,16,42,0.07548607500574,1
strong,16,43,0.03279486850596769,3
strong,16,44,-0.00038096243370056015,5
strong,16,45,0.08658465954485817,0
strong,16,46,-0.006894255576242347,5
strong,16,47,-0.003665600387153134,6
strong,16,48,0.0956531134713039,0
strong,16,49,0.02886619787732292,2
strong,16,50,0.08257981007588544,0
strong,16,51,0.010991380644564508,3
strong,16,52,0.015103510539483,2
strong,16,53,0.016122702290232604,2
strong,16,54,0.008272510711814784,5
strong,16,55,0.06894992164715807,1
strong,16,56,0.0457998951201779,3
strong,16,57,0.016696015410473386,4
strong,16,58,0.050567521317382735,1
strong,16,59,0.0561796611615627,0
strong,16,60,0.042977088573057154,3
strong,16,61,0.1521517525525079,0
strong,16,62,0.040856003946167285,1
strong,16,63,0.026937383919334423,2
strong,16,64,0.10839994670745923,1
strong,16,65,0.009908269367707723,4
strong,16,66,0.05777246717514106,2
strong,16,67,0.0010622476325166108,4
strong,16,68,0.03134958288170697,3
strong,16,69,-0.029100085571590273,6
strong,16,70,0.002771929095741421,3
strong,16,71,0.0469235932750639,1
strong,16,72,0.06285414044379889,0
strong,16,73,0.059372749342188724,1
strong,16,74,0.0545997764463525,0
strong,16,75,0.004977697129669223,4
strong,16,76,0.03688196580875647,2
strong,16,77,0.05884466973453162,0
strong,16,78,0.04714650676001275,1
strong,16,79,0.06701790235841465,3
strong,16,80,0.0512639341802551,0
strong,16,81,-0.046534860679078194,7
strong,16,82,0.05499374847358407,2
strong,16,83,0.020782955322760976,3
strong,16,84,0.029092268373081098,3
strong,16,85,0.08561412606411378,2
strong,16,86,0.031377274565481894,1
strong,16,87,0.02092915331132561,2
strong,16,88,0.06721078844412987,3
strong,16,89,0.14917163727628924,1
strong,16,90,-0.05382054705838679,7
strong,16,91,0.07199358673751033,1
strong,16,92,0.02967802244402018,2
strong,16,93,0.015076689304421187,1
strong,16,94,0.027457518978560747,1
strong,16,95,0.06663955446307213,1
strong,16,96,0.026274521475117885,4
strong,16,97,0.047310006187127884,1
strong,16,98,0.007534391591345613,4
strong,16,99,0.1055400957196111,1
strong,22,0,0.06652657813337737,1
strong,22,1,-0.0028657811149379597,4
strong,22,2,0.025013970803773877,2
strong,22,3,0.006276264693736322,3
strong,22,4,0.017929175096851657,3
strong,22,5,0.03359884481195774,3
strong,22,6,0.009326280649470386,2
strong,22,7,0.033431248867516694,3
strong,22,8,-0.004581633767561488,2
strong,22,9,0.04919691304726426,1
strong,22,10,0.056556085643017506,1
strong,22,11,0.008279490140324919,3
strong,22,12,0.03333260927597015,2
strong,22,13,-0.014672951941765766,4
strong,22,14,0.004907991614641394,4
strong,22,15,-0.02809424026203322,5
strong,22,16,-0.0018592648076022344,4
strong,22,17,0.01346148092196664,2
strong,22,18,0.04559869484033163,2
strong,22,19,0.08610697751764096,1
strong,22,20,0.04742871102200652,1
strong,22,21,-0.01230322590228683,5
strong,22,22,-0.026874825891081033,5
strong,22,23,0.04353877773527404,1
strong,22,24,0.028812544408948093,4
strong,22,25,0.06406722623642258,0
strong,22,26,0.009672035954544134,3
strong,22,27,0.03770037167048723,2
strong,22,28,0.03539564666987638,1
strong,22,29,-0.033636524989233196,4
strong,22,30,-0.00426782543792481,4
strong,22,31,-0.01489639009306487,6
strong,22,32,0.03027862961441108,2
strong,22,33,-0.0044164410126283915,4
strong,22,34,0.04165739880803565,1
strong,22,35,0.0584585661655771,1
strong,22,36,0.03995843513285047,2
strong,22,37,-0.01051066366692488,4
strong,22,38,-0.009065702332648695,4
strong,22,39,0.03958942026660983,1
strong,22,40,0.025078477769549856,2
strong,22,41,0.01951444622744103,2
strong,22,42,0.05914114555487948,1
strong,22,43,-0.055206863317838084,6
strong,22,44,0.013663096655306073,3
strong,22,45,0.019157355576693624,4
strong,22,46,0.04422252821084682,1
strong,22,47,0.002944971872810398,4
strong,22,48,0.010651958479582668,4
strong,22,49,0.03233197114715314,2
strong,22,50,0.017163678663065784,2
strong,22,51,-0.0030941536231972044,5
strong,22,52,0.01641962035723854,4
strong,22,53,-0.028939819432820424,6
strong,22,54,0.011534222337076905,4
strong,22,55,0.016218732091663024,3
strong,22,56,0.06597714394207865,0
strong,22,57,0.0041787687288266095,3
strong,22,58,-0.016040072130719563,5
strong,22,59,0.06369822098857636,1
strong,22,60,-0.025436686828771093,6
strong,22,61,0.03574606760384402,2
strong,22,62,0.020813560453989077,1
strong,22,63,0.013167676729525568,4
strong,22,64,0.03636474063933581,0
strong,22,65,0.032676078111994245,1
strong,22,66,0.02182386931645841,2
strong,22,67,0.025561349838947978,2
strong,22,68,0.023141128814011425,3
strong,22,69,0.0053119954763314325,3
strong,22,70,0.0402273497376513,1
strong,22,71,0.02177645691630825,2
strong,22,72,0.03023351983300815,3
strong,22,73,0.004738963473097324,3
strong,22,74,-0.0056976887303485935,5
strong,22,75,-0.0003787797159777728,3
strong,22,76,0.029000374956947073,2
strong,22,77,0.057796253764135996,2
strong,22,78,0.06888113668981977,0
strong,22,79,0.021286287954261462,2
strong,22,80,-0.010015127293347303,5
strong,22,81,0.018083414471319115,4
strong,22,82,0.06446513907481699,1
strong,22,83,0.10937615716315507,2
strong,22,84,0.07336290136030998,1
strong,22,85,-0.00969750267834979,4
strong,22,86,-0.020986191297079793,6
strong,22,87,-0.007751298595406242,5
strong,22,88,0.02840654420320199,2
strong,22,89,0.08150701729041965,2
strong,22,90,0.032178070471649556,1
strong,22,91,-0.013638305573783871,4
strong,22,92,0.07637367319803734,3
strong,22,93,-0.016904673444002816,5
strong,22,94,0.026847997877066487,2
strong,22,95,0.011622809664135536,3
strong,22,96,0.039377390985042005,2
strong,22,97,0.014023333111383596,4
strong,22,98,0.07613837143185065,1
strong,22,99,0.035543451737023446,1
strong,30,0,0.0071724066563552125,2
strong,30,1,-0.027979408501560554,5
strong,30,2,-0.01189969166846494,5
strong,30,3,0.027194661239787865,1
strong,30,4,0.03915914189019021,0
strong,30,5,0.004677040251285236,3
strong,30,6,-0.033435560573502054,6
strong,30,7,0.027052199308430502,3
strong,30,8,0.004482945393136095,3
strong,30,9,-0.012233266870610549,5
strong,30,10,-0.012810044958263433,5
strong,30,11,0.013937875274102507,2
strong,30,12,0.029160526379324092,1
strong,30,13,-0.007618562259735229,6
strong,30,14,-0.007267657982499731,4
strong,30,15,0.02539559128095681,2
strong,30,16,-0.014572956855468,6
strong,30,17,0.017797855916963368,2
strong,30,18,0.053440262867470056,1
strong,30,19,0.025644029142639635,3
strong,30,20,-0.010216701453852117,3
strong,30,21,0.03489541463491297,1
strong,30,22,0.05307635477333106,1
strong,30,23,0.03552410065301448,1
strong,30,24,0.026998585980686607,2
strong,30,25,-0.024312122576786943,6
strong,30,26,-0.023078098929089075,5
strong,30,27,0.01499707120250493,2
strong,30,28,-0.0018475599281222443,5
strong,30,29,-0.01033979944941199,4
strong,30,30,0.038498321349800246,0
strong,30,31,0.015045407212016082,3
strong,30,32,-0.02887145951885739,6
strong,30,33,0.038840916484901955,0
strong,30,34,0.025234028691063948,2
strong,30,35,0.0361958260339027,0
strong,30,36,0.004734366998948802,4
strong,30,37,0.0030678927955101187,3
strong,30,38,0.04726526957229604,2
strong,30,39,-0.024509779253352626,7
strong,30,40,0.015316385919245779,3
strong,30,41,0.009430146395091765,3
strong,30,42,0.026532005390279112,1
strong,30,43,0.0029330678772754304,4
strong,30,44,0.034991747522821415,0
strong,30,45,0.03472001965924043,2
strong,30,46,0.04997286341891527,0
strong,30,47,0.029742380943036384,4
strong,30,48,0.035193884418039056,1
strong,30,49,-0.0034489874879578553,4
strong,30,50,0.03833939397160013,4
strong,30,51,-0.013059547913577885,4
strong,30,52,-0.02190256824913961,6
strong,30,53,0.028811030832320284,2
strong,30,54,0.005533683452466409,3
strong,30,55,0.07661518372674292,1
strong,30,56,-0.02468621321404818,6
strong,30,57,0.02253116849156611,2
strong,30,58,0.039186162818129366,1
strong,30,59,0.002603588362357856,4
strong,30,60,0.04837640294129475,0
strong,30,61,-0.008425772752782668,5
strong,30,62,0.01075691228430009,4
strong,30,63,-0.004984611231620417,4
strong,30,64,0.012049629358827252,1
strong,30,65,-0.004526542241378273,4
strong,30,66,-0.02969882125332368,8
strong,30,67,0.004035462665830214,4
strong,30,68,0.03925041518265859,1
strong,30,69,-0.028954762000458434,6
strong,30,70,-0.00709824477326193,5
strong,30,71,0.025850799570735883,0
strong,30,72,0.038634357249990314,2
strong,30,73,-0.01513468406747509,6
strong,30,74,0.058168725504160634,1
strong,30,75,0.01643410572915993,4
strong,30,76,-0.0027853680569918104,5
strong,30,77,-0.019937561821155136,6
strong,30,78,-0.013130184795043465,5
strong,30,79,0.07275393638613181,0
strong,30,80,0.03223205829758635,3
strong,30,81,0.0016160084974851108,4
strong,30,82,-0.02732746340721426,6
strong,30,83,0.002302589825891932,3
strong,30,84,-0.0037155791453501452,4
strong,30,85,0.029226632372300942,2
strong,30,86,-0.006115812823385913,4
strong,30,87,-0.014111089728237713,5
strong,30,88,0.001634462728287267,5
strong,30,89,0.031036267875750534,1
strong,30,90,0.02842963917070962,1
strong,30,91,-0.00020251537330795433,4
strong,30,92,0.031796591574192345,2
strong,30,93,-0.012561490435409772,4
strong,30,94,0.06703455345390463,1
strong,30,95,0.04458290928285946,1
strong,30,96,0.028765561955332974,2
strong,30,97,0.057394325655292455,1
strong,30,98,0.00967650092677319,3
strong,30,99,0.03627371226268028,0
strong,40,0,-0.01584327394139684,5
strong,40,1,-0.021012655930642832,7
strong,40,2,0.004121149461467355,2
strong,40,3,0.017228646887205157,2
strong,40,4,-0.02007615719976996,4
strong,40,5,0.0028420014857349907,4
strong,40,6,-0.0058020543943675396,5
strong,40,7,-0.014461367465664954,6
strong,40,8,0.012457138643734655,2
strong,40,9,0.020209915824430102,3
strong,40,10,0.019802556750759814,0
strong,40,11,0.00665419547979762,3
strong,40,12,-0.0034088376211748317,4
strong,40,13,-0.004227689912937871,4
strong,40,14,0.013667313066530018,3
strong,40,15,0.03164199154616776,1
strong,40,16,0.01936055616045529,1
strong,40,17,0.016571750486370274,2
strong,40,18,0.002619029470290579,5
strong,40,19,0.015882565618221878,2
strong,40,20,0.010294193760742365,2
strong,40,21,0.016971747033182383,2
strong,40,22,-0.0056040570469221285,5
strong,40,23,0.023878040004847167,3
strong,40,24,0.013587979349476531,4
strong,40,25,0.005738980936591864,2
strong,40,26,-0.0026934092919971286,4
strong,40,27,0.0077366736903796696,5
strong,40,28,0.016059364721608516,2
strong,40,29,0.016201772091653188,1
strong,40,30,0.016025418387191626,0
strong,40,31,0.03322544008239692,0
strong,40,32,0.042688266612918246,2
strong,40,33,0.008976902929816455,1
strong,40,34,0.015286119129991116,3
strong,40,35,0.027376077905276186,1
strong,40,36,0.01902295059752468,2
strong,40,37,-0.010409953015342643,6
strong,40,38,0.004863723015405941,4
strong,40,39,-0.015085911649247885,6
strong,40,40,-0.012771773377610374,5
strong,40,41,0.0021595265054518142,4
strong,40,42,-0.00045742942603554937,4
strong,40,43,0.010409772463381373,2
strong,40,44,0.004917633745150973,4
strong,40,45,0.014624899785614098,1
strong,40,46,0.014915644815890028,3
strong,40,47,0.022716229108573738,2
strong,40,48,-0.0015866631725207636,4
strong,40,49,0.03975356622384063,3
strong,40,50,-0.00170960821430155,4
strong,40,51,-0.017611522688655068,5
strong,40,52,0.012497246834154097,1
strong,40,53,0.00479044389556027,4
strong,40,54,0.012544491675736569,3
strong,40,55,0.020814154359520942,3
strong,40,56,0.006202135361407124,3
strong,40,57,0.013533295243961962,3
strong,40,58,-0.0069349957333713075,5
strong,40,59,0.011628205280492354,2
strong,40,60,0.01912637162781916,2
strong,40,61,0.013374623235957617,2
strong,40,62,-0.004823921132522946,5
strong,40,63,-0.011329401188288846,5
strong,40,64,-0.0005379912562214484,4
strong,40,65,0.03907182333033654,0
strong,40,66,0.02894600633926836,2
strong,40,67,-0.01330056720843209,5
strong,40,68,0.015728992808774378,2
strong,40,69,-0.013849309337250149,6
strong,40,70,-0.0321967262502626,5
strong,40,71,0.024865725195319044,1
strong,40,72,-0.020990943691309605,6
strong,40,73,0.009854723462052739,4
strong,40,74,0.04527570029316519,1
strong,40,75,-0.006748848943300745,5
strong,40,76,0.04461404005057035,0
strong,40,77,0.019155515669020406,1
strong,40,78,0.009543381342733248,4
strong,40,79,-0.013566301834298078,6
strong,40,80,-0.019520891858947453,6
strong,40,81,-0.03709073266378016,6
strong,40,82,-0.006298064873981435,4
strong,40,83,-0.0009230775532284019,5
strong,40,84,0.009732365510373153,3
strong,40,85,0.0021926822154251235,5
strong,40,86,-0.01343264650751863,5
strong,40,87,-0.006598740964665062,6
strong,40,88,0.024398758239953855,2
strong,40,89,0.003920798714561746,3
strong,40,90,-0.00043407218622892874,4
strong,40,91,-0.009854266405789902,5
strong,40,92,-0.01007555623736045,5
strong,40,93,0.008002176658537308,3
strong,40,94,0.004080869298937806,3
strong,40,95,0.021275660261163454,1
strong,40,96,0.014252575056004968,3
strong,40,97,0.0307612227153361,0
strong,40,98,-0.02305872585938895,6
strong,40,99,0.013286754095554021,3
strong,50,0,-0.009993369621586812,5
strong,50,1,-0.0039217481313645886,4
strong,50,2,0.009746427788097423,3
strong,50,3,0.022463986336290542,0
strong,50,4,-0.01244697986045984,6
strong,50,5,-0.005829952890107792,5
strong,50,6,0.007872114120386353,2
strong,50,7,-0.0038960945699633154,3
strong,50,8,-0.004216786519669724,4
strong,50,9,0.005114026880143729,3
strong,50,10,0.034440751504037914,2
strong,50,11,-0.007020412935716314,5
strong,50,12,-0.0017208217420338068,4
strong,50,13,0.012379207702881923,4
strong,50,14,-0.015511202092789,6
strong,50,15,0.0063197061232660445,2
strong,50,16,0.00342033711295453,4
strong,50,17,0.008637603456935317,4
strong,50,18,0.0008222335179203233,5
strong,50,19,0.014975754378149131,2
strong,50,20,0.0020509872653393657,4
strong,50,21,-0.009329545072927159,5
strong,50,22,-0.005471899448880602,5
strong,50,23,0.008429354282748047,2
strong,50,24,-0.00657699706362691,4
strong,50,25,-0.0035848406611517225,5
strong,50,26,-0.015181698239588481,5
strong,50,27,0.011753697985356193,2
strong,50,28,-0.013336764411043922,6
strong,50,29,-0.024400671928242246,7
strong,50,30,0.0044069303366613966,4
strong,50,31,-0.012205011025780421,5
strong,50,32,0.018857033916297894,2
strong,50,33,0.008057543309140658,2
strong,50,34,-0.009896993403974097,5
strong,50,35,0.010129891767396315,1
strong,50,36,-0.0021921963573227066,5
strong,50,37,0.009074622489469886,2
strong,50,38,0.006480361491131736,3
strong,50,39,0.00368372081744639,4
strong,50,40,0.0030852805363008606,4
strong,50,41,0.0001872286140943702,3
strong,50,42,-0.0031891412732530933,6
strong,50,43,-0.0004344383873047253,3
strong,50,44,0.007708792567780898,2
strong,50,45,-0.001824047496245762,4
strong,50,46,0.0024804958315881587,4
strong,50,47,-0.0018746043779921395,5
strong,50,48,-0.01389729382594107,4
strong,50,49,-0.006796213551947372,6
strong,50,50,0.025702420385546376,0
strong,50,51,0.004608370812030027,2
strong,50,52,0.0038939114222409366,3
strong,50,53,2.1528713911256325e-05,4
strong,50,54,0.0012848394767278615,5
strong,50,55,0.010508342934918313,2
strong,50,56,0.02034053962516935,2
strong,50,57,0.02916327829900156,2
strong,50,58,0.03975419966277305,1
strong,50,59,-0.026338647497290202,6
strong,50,60,-0.0032497969587397257,4
strong,50,61,0.02046130627788434,0
strong,50,62,-0.011075759915508132,4
strong,50,63,0.007381182218310189,2
strong,50,64,-0.0013046853862386243,6
strong,50,65,-0.0027116588891622495,3
strong,50,66,-0.020402454538699266,8
strong,50,67,0.009537444057640121,2
strong,50,68,0.006441210271089792,3
strong,50,69,0.021045625825760528,1
strong,50,70,-0.005752047321323617,5
strong,50,71,0.01968562833488985,1
strong,50,72,0.018880563478801515,2
strong,50,73,0.011826502128703065,2
strong,50,74,-0.012047921853621024,6
strong,50,75,-0.010381334244090046,5
strong,50,76,0.02858630091160841,1
strong,50,77,0.022446756815194258,1
strong,50,78,-0.015099497189594913,7
strong,50,79,-0.000710228322927664,4
strong,50,80,-0.021134443853558227,6
strong,50,81,-0.0006037427680247731,3
strong,50,82,0.008718070651725474,3
strong,50,83,-0.008661721384418009,6
strong,50,84,0.005527322470566642,4
strong,50,85,0.007283990068610691,2
strong,50,86,0.013704326708470438,3
strong,50,87,0.017685274795914308,2
strong,50,88,0.01650938776692168,1
strong,50,89,0.02639722012385859,0
strong,50,90,0.006560098014219529,3
strong,50,91,0.01977137007057217,2
strong,50,92,0.006053624317247985,3
strong,50,93,-0.003276474027559817,5
strong,50,94,0.008279117295798888,2
strong,50,95,-0.01580797707281456,6
strong,50,96,0.02652713910362514,1
strong,50,97,0.002229881293339009,4
strong,50,98,-0.007762016380047143,5
strong,50,99,0.021671552509259118,4
strong,59,0,0.0034265886745968865,2
strong,59,1,0.019432253443386838,2
strong,59,2,-0.004279402754268302,5
strong,59,3,0.012710391150773104,2
strong,59,4,0.016215961059591333,2
strong,59,5,0.0024705536100976255,5
strong,59,6,0.006239011884533241,3
strong,59,7,-0.008240512757249907,5
strong,59,8,0.016244749970311667,1
strong,59,9,0.009895998222499425,0
strong,59,10,-0.0032188735268130486,5
strong,59,11,-0.003121693975971951,5
strong,59,12,-0.013421572420974193,6
strong,59,13,-0.0033398376512946415,6
strong,59,14,-0.006308727863000407,5
strong,59,15,-0.013121136198762207,7
strong,59,16,0.006560064618627459,3
strong,59,17,0.01460983883398237,3
strong,59,18,-0.006417227361718236,5
strong,59,19,0.009021196395014863,2
strong,59,20,0.01291944171343229,1
strong,59,21,0.009061752667977041,4
strong,59,22,0.011355583340868947,1
strong,59,23,0.002610794371128544,3
strong,59,24,0.004801160698432616,3
strong,59,25,0.00964534259496419,1
strong,59,26,0.00041089785334957885,4
strong,59,27,-0.026607138337666147,7
strong,59,28,0.005357268892347555,3
strong,59,29,0.010653715401524932,2
strong,59,30,-3.783673441226654e-05,4
strong,59,31,-0.001511074835394477,4
strong,59,32,-0.009445026240109788,6
strong,59,33,-0.010613856722077375,5
strong,59,34,-0.012408693200930743,7
strong,59,35,0.005068370829272473,3
strong,59,36,-0.011404184432614373,6
strong,59,37,0.004264892768023887,3
strong,59,38,-0.0013793549140103112,4
strong,59,39,-0.01201337293038296,4
strong,59,40,0.009732088535329475,2
strong,59,41,0.009299014577024867,1
strong,59,42,0.0060101606403384356,2
strong,59,43,0.012037651006759575,1
strong,59,44,0.00399972407569904,3
strong,59,45,-0.015015098757121037,6
strong,59,46,-0.01569817695987108,7
strong,59,47,-0.008727807313595792,5
strong,59,48,-0.00867851790623786,6
strong,59,49,0.011992554181771475,2
strong,59,50,-0.0028653680159475003,4
strong,59,51,-0.004190173019847365,4
strong,59,52,0.009060450335269477,2
strong,59,53,0.004149048866008531,3
strong,59,54,0.014505777697452205,3
strong,59,55,-0.006546442229663052,5
strong,59,56,0.0013209042565501816,5
strong,59,57,-0.009106532329361205,7
strong,59,58,0.0018623146205617447,4
strong,59,59,0.004094465773419542,3
strong,59,60,-0.004638050761330725,7
strong,59,61,0.006518578169622757,1
strong,59,62,-0.010509760799648493,5
strong,59,63,-0.013481478161779248,6
strong,59,64,-0.013869225547300301,6
strong,59,65,-0.002797668562702582,5
strong,59,66,-0.003398692673960757,3
strong,59,67,0.00431107741225234,3
strong,59,68,0.008246214774698002,2
strong,59,69,0.010380616175776236,2
strong,59,70,-0.0020966949165929227,5
strong,59,71,0.001732207440936162,3
strong,59,72,0.01042475899759343,3
strong,59,73,-0.01532845710352837,6
strong,59,74,-0.0009505519030845733,5
strong,59,75,0.001920490254051277,3
strong,59,76,-0.003531858473138416,5
strong,59,77,0.0017170989350797639,4
strong,59,78,-0.002330530321791646,4
strong,59,79,0.003921965623415402,3
strong,59,80,0.00708683540353805,3
strong,59,81,-0.006361235654593123,7
strong,59,82,0.0204475986804471,1
strong,59,83,0.013665398487900049,2
strong,59,84,-0.006200141624653099,5
strong,59,85,0.01855249130765091,1
strong,59,86,0.003974558042416088,4
strong,59,87,0.00958040021918638,1
strong,59,88,-0.005920344342448813,6
strong,59,89,0.01908280344792579,2
strong,59,90,-0.005361642536539368,4
strong,59,91,-0.0022309937099801447,5
strong,59,92,-0.0071426856416529905,6
strong,59,93,-0.010464517183163768,6
strong,59,94,0.0017300640574270387,3
strong,59,95,0.003078909338814273,4
strong,59,96,0.02204710604832305,0
strong,59,97,-0.0032069910027937576,5
strong,59,98,0.015480224776979634,1
strong,59,99,0.007396570668892544,2
strong,76,0,0.0,0
strong,76,0,0.0,0
lateral,1,0,0.039959353438790646,2
lateral,1,1,0.027969310186295115,3
lateral,1,2,0.10175316068598128,0
lateral,1,3,0.04300352577602973,3
lateral,1,4,0.02729305670987081,1
lateral,1,5,0.043374536211679415,1
lateral,1,6,0.040261337836126065,1
lateral,1,7,0.03415371628745201,1
lateral,1,8,0.043374536211679415,1
lateral,1,9,0.043016244791521996,0
lateral,1,10,0.03426274464745549,3
lateral,1,11,0.027205671029156164,3
lateral,1,12,0.03426274464745549,3
lateral,1,13,0.0396367395676932,1
lateral,1,14,0.1454255821781132,3
lateral,1,15,0.049462956882603826,1
lateral,1,16,0.033007829532196165,3
lateral,1,17,0.0717797923330421,1
lateral,1,18,0.03745125442595654,1
lateral,1,19,0.06290959594518475,1
lateral,1,20,0.06899212414009193,2
lateral,1,21,0.04362358519809606,0
lateral,1,22,0.03990460900373505,1
lateral,1,23,0.040261337836126065,1
lateral,1,24,0.09720625761947099,1
lateral,1,25,0.04362358519809606,0
lateral,1,26,0.04317329503238221,0
lateral,1,27,0.04280499527816528,2
lateral,1,28,0.04907632708116649,1
lateral,1,29,0.01863750987417101,2
lateral,1,30,0.14993566044856332,0
lateral,1,31,0.024071372641129907,2
lateral,1,32,0.04907632708116649,1
lateral,1,33,0.14714104011220264,0
lateral,1,34,0.049462956882603826,1
lateral,1,35,0.027552549665864845,3
lateral,1,36,0.04802541889978151,0
lateral,1,37,0.027969310186295115,3
lateral,1,38,0.01691765617583263,3
lateral,1,39,0.03990460900373505,1
lateral,1,40,0.1454255821781132,3
lateral,1,41,0.09720625761947099,1
lateral,1,42,0.0717797923330421,1
lateral,1,43,0.06423718388719402,2
lateral,1,44,0.06290959594518475,1
lateral,1,45,0.07880916204597233,0
lateral,1,46,0.03141870367051636,3
lateral,1,47,0.07880916204597233,0
lateral,1,48,0.1454255821781132,3
lateral,1,49,0.14714104011220264,0
lateral,1,50,0.0921561596552325,1
lateral,1,51,0.025333114902455156,2
lateral,1,52,0.043374536211679415,1
lateral,1,53,0.02729305670987081,1
lateral,1,54,0.10175316068598128,0
lateral,1,55,0.09338410045045764,0
lateral,1,56,0.027552549665864845,3
lateral,1,57,0.033007829532196165,3
lateral,1,58,0.04317329503238221,0
lateral,1,59,0.08914270962792603,2
lateral,1,60,0.03990460900373505,1
lateral,1,61,0.0396367395676932,1
lateral,1,62,0.06423718388719402,2
lateral,1,63,0.10121524200186949,0
lateral,1,64,0.027969310186295115,3
lateral,1,65,0.10599052273755394,0
lateral,1,66,0.18575429679605482,0
lateral,1,67,0.043374536211679415,1
lateral,1,68,0.04280499527816528,2
lateral,1,69,0.0717797923330421,1
lateral,1,70,0.10121524200186949,0
lateral,1,71,0.08914270962792603,2
lateral,1,72,0.09899786171674385,2
lateral,1,73,0.07880916204597233,0
lateral,1,74,0.02729305670987081,1
lateral,1,75,0.10035867727264103,0
lateral,1,76,0.18575429679605482,0
lateral,1,77,0.150919300354314,1
lateral,1,78,0.04802541889978151,0
lateral,1,79,0.043374536211679415,1
lateral,1,80,0.040261337836126065,1
lateral,1,81,0.07880916204597233,0
lateral,1,82,0.03421264200592222,1
lateral,1,83,0.1454255821781132,3
lateral,1,84,0.04317329503238221,0
lateral,1,85,0.040261337836126065,1
lateral,1,86,0.0396367395676932,1
lateral,1,87,0.162594686794157,0
lateral,1,88,0.10035867727264103,0
lateral,1,89,0.039959353438790646,2
lateral,1,90,0.06290959594518475,1
lateral,1,91,0.14993566044856332,0
lateral,1,92,0.03415371628745201,1
lateral,1,93,0.0921561596552325,1
lateral,1,94,0.02972696879535275,4
lateral,1,95,0.01691765617583263,3
lateral,1,96,0.027205671029156164,3
lateral,1,97,0.0921561596552325,1
lateral,1,98,0.03141870367051636,3
lateral,1,99,0.13224233159291554,1
lateral,2,0,0.00902400797578995,2
lateral,2,1,0.028965901072508293,3
lateral,2,2,0.040865019144077364,1
lateral,2,3,0.016137066679081213,1
lateral,2,4,0.059813656851011365,0
lateral,2,5,0.022044550252683925,2
lateral,2,6,0.029166935402203387,1
lateral,2,7,0.026837624658001213,3
lateral,2,8,0.02991182398164649,2
lateral,2,9,0.007658501155034525,3
lateral,2,10,0.03581960624958014,2
lateral,2,11,0.06795909663306643,1
lateral,2,12,0.011830322582915498,2
lateral,2,13,0.025231918260189556,3
lateral,2,14,0.030790865550729407,0
lateral,2,15,0.005076885495678862,4
lateral,2,16,0.03304517525836648,2
lateral,2,17,0.02317684172385004,3
lateral,2,18,0.033201329702788884,2
lateral,2,19,0.013058286501316352,2
lateral,2,20,-0.00027314099791764246,4
lateral,2,21,0.024901277846556602,2
lateral,2,22,0.02511308102431986,2
lateral,2,23,0.03465938648167444,2
lateral,2,24,0.028703035341479333,2
lateral,2,25,0.10042825441672876,2
lateral,2,26,0.0028431743064121218,4
lateral,2,27,0.032677760250690135,1
lateral,2,28,0.01960017180667284,3
lateral,2,29,0.016908687964448665,2
lateral,2,30,0.004688727927616432,5
lateral,2,31,0.023913125074886188,2
lateral,2,32,0.030344092950670976,2
lateral,2,33,0.02871169326110401,2
lateral,2,34,0.014145490223405721,2
lateral,2,35,0.029140720652210628,2
lateral,2,36,0.05992038095527574,0
lateral,2,37,0.03361961331152152,2
lateral,2,38,0.01691765617583263,3
lateral,2,39,0.009155437730433147,3
lateral,2,40,0.03341803061423543,0
lateral,2,41,0.02168412875865422,2
lateral,2,42,0.10239656088336702,2
lateral,2,43,0.02880360670986537,2
lateral,2,44,0.025000520811554017,1
lateral,2,45,0.012926638489182962,2
lateral,2,46,0.028163983203445264,2
lateral,2,47,0.0168731342968238,2
lateral,2,48,0.02959966119299251,2
lateral,2,49,0.0791184678842205,1
lateral,2,50,0.0336510646295356,2
lateral,2,51,0.11707217351081378,0
lateral,2,52,0.10651875890326179,1
lateral,2,53,0.02656371986461259,2
lateral,2,54,-0.002829384606684804,4
lateral,2,55,0.02372153112152675,2
lateral,2,56,0.02202580038268609,3
lateral,2,57,0.014791019737881772,0
lateral,2,58,0.025862196746087918,2
lateral,2,59,0.0791184678842205,1
lateral,2,60,0.0530620984144381,2
lateral,2,61,0.01751943761861352,0
lateral,2,62,0.011614123113781294,3
lateral,2,63,0.025572716956934083,2
lateral,2,64,0.02256959590857921,5
lateral,2,65,0.06360849524111234,1
lateral,2,66,0.035749493555648826,1
lateral,2,67,-0.0017244720986142603,4
lateral,2,68,0.029249102090336376,2
lateral,2,69,0.037909754492178704,1
lateral,2,70,0.03348874532103918,1
lateral,2,71,0.03408247453167068,0
lateral,2,72,0.008403225089164468,3
lateral,2,73,0.03852978054890377,2
lateral,2,74,0.08385995546984049,2
lateral,2,75,0.035411394009170705,2
lateral,2,76,0.040015184763106615,1
lateral,2,77,0.026215514883363045,3
lateral,2,78,0.028010769185490614,2
lateral,2,79,0.01869842970212021,2
lateral,2,80,0.024119306859429313,2
lateral,2,81,0.036245328751312034,2
lateral,2,82,0.01959832495596414,2
lateral,2,83,0.05889143308976563,0
lateral,2,84,0.09272592064354657,1
lateral,2,85,0.02566275153124875,3
lateral,2,86,0.014366625200672445,0
lateral,2,87,0.0345750469338616,1
lateral,2,88,0.0112331326664602,2
lateral,2,89,0.036273974873573644,1
lateral,2,90,0.020973840752880224,1
lateral,2,91,0.022614428736749015,2
lateral,2,92,0.007730544911551895,1
lateral,2,93,0.03175073048628663,3
lateral,2,94,0.0014909143157404436,3
lateral,2,95,0.06564365054348786,3
lateral,2,96,0.020973840752880224,1
lateral,2,97,0.013945763467135275,1
lateral,2,98,0.025234783811647565,2
lateral,2,99,0.026941748839745094,3
lateral,3,0,0.004924097850051989,4
lateral,3,1,0.011453538375852945,3
lateral,3,2,0.09581648932267595,1
lateral,3,3,0.021343592466108507,3
lateral,3,4,0.027775579853412835,3
lateral,3,5,0.04664719314792243,2
lateral,3,6,-0.0027346916372839036,5
lateral,3,7,0.0865538854904837,1
lateral,3,8,0.010087743683491412,1
lateral,3,9,0.012342132631887548,3
lateral,3,10,0.036557181650009096,1
lateral,3,11,0.09711217683697826,0
lateral,3,12,0.048704765666833016,1
lateral,3,13,0.023262083335033323,3
lateral,3,14,-0.0030793599266285554,5
lateral,3,15,-6.085371649211524e-05,3
lateral,3,16,0.05061841810423817,1
lateral,3,17,0.014369966018577318,3
lateral,3,18,0.025371113502816067,1
lateral,3,19,0.0013118092481131383,6
lateral,3,20,0.026372836758306706,3
lateral,3,21,0.049615293843858765,0
lateral,3,22,0.05014450924898639,3
lateral,3,23,-0.0030976977509550307,5
lateral,3,24,0.02030624152842475,4
lateral,3,25,0.0053005484546782,3
lateral,3,26,0.006528851924862522,4
lateral,3,27,0.003410064658132872,4
lateral,3,28,0.03571160996210487,3
lateral,3,29,0.029817419430491543,1
lateral,3,30,0.025416125571714243,2
lateral,3,31,-0.0023791472060470387,4
lateral,3,32,-0.0022292142357304146,5
lateral,3,33,0.018917001952207912,2
lateral,3,34,-0.008567045977083354,6
lateral,3,35,-0.004125564548999039,6
lateral,3,36,-0.002785790493280982,4
lateral,3,37,0.0429444385058273,2
lateral,3,38,0.031345488293597956,1
lateral,3,39,0.012040552997418796,4
lateral,3,40,0.028750564377712062,2
lateral,3,41,0.03034664908354856,1
lateral,3,42,0.01575696944335625,3
lateral,3,43,0.022335343072962477,2
lateral,3,44,0.010599182135113683,2
lateral,3,45,0.007179711913392395,3
lateral,3,46,0.015377767630270545,3
lateral,3,47,0.005359876387098006,4
lateral,3,48,0.022564766025173988,0
lateral,3,49,0.024967864676793128,2
lateral,3,50,0.018602651543610182,0
lateral,3,51,0.009072105624052251,3
lateral,3,52,-0.001689432903933752,4
lateral,3,53,-0.0013858570907937517,4
lateral,3,54,-0.00030201311089095295,4
lateral,3,55,0.007700928851581468,4
lateral,3,56,0.036801668702247214,0
lateral,3,57,0.05425161637992293,3
lateral,3,58,0.030288946339202538,1
lateral,3,59,0.025529526428925364,1
lateral,3,60,0.007994629712988366,3
lateral,3,61,0.019645431316171913,3
lateral,3,62,0.02876770059015299,3
lateral,3,63,0.025093201697804823,2
lateral,3,64,0.036450490556756754,1
lateral,3,65,0.01710747973136295,3
lateral,3,66,0.026903318180387048,2
lateral,3,67,0.024170109159454056,2
lateral,3,68,0.013489592353338908,3
lateral,3,69,0.007236585003383755,2
lateral,3,70,-0.008114452234744385,4
lateral,3,71,0.02987759706607962,2
lateral,3,72,0.04819387764611882,1
lateral,3,73,0.013417817494886353,3
lateral,3,74,0.01298655809729976,3
lateral,3,75,-0.008825997794950746,5
lateral,3,76,0.04655222976486728,1
lateral,3,77,0.010978772402184922,2
lateral,3,78,0.007503811511091807,5
lateral,3,79,0.03209779293411652,1
lateral,3,80,0.003956263393972037,2
lateral,3,81,0.056073098399297194,0
lateral,3,82,0.015916599468160597,3
lateral,3,83,0.012541581731776663,4
lateral,3,84,0.006629361941211109,4
lateral,3,85,0.010617857926010665,2
lateral,3,86,0.0009620934546451521,3
lateral,3,87,0.03511664858680774,1
lateral,3,88,0.014927193643427983,2
lateral,3,89,0.017779221835604653,4
lateral,3,90,0.034759024265259564,1
lateral,3,91,0.03229955153908004,1
lateral,3,92,0.041811806015711994,3
lateral,3,93,0.02007094155386624,3
lateral,3,94,0.006818407573157326,3
lateral,3,95,0.03304272396416141,2
lateral,3,96,0.03536220973697868,3
lateral,3,97,0.022129443538899896,2
lateral,3,98,0.028159091138095782,3
lateral,3,99,0.026379062658421604,2
lateral,4,0,0.003352605166861866,2
lateral,4,1,0.012512876331941647,2
lateral,4,2,0.024002142569255702,2
lateral,4,3,0.031140001490910896,1
lateral,4,4,0.015391561405946885,3
lateral,4,5,0.009145463549240174,3
lateral,4,6,0.027332386198282266,1
lateral,4,7,-0.00011395877427311518,4
lateral,4,8,0.03939500641310023,0
lateral,4,9,0.015657554807036234,3
lateral,4,10,0.0014373960014636422,5
lateral,4,11,0.03206611744797794,3
lateral,4,12,0.02684652103926244,1
lateral,4,13,0.030154242179014967,2
lateral,4,14,-0.005879799492356952,6
lateral,4,15,0.01511498195080796,2
lateral,4,16,0.02873531150207964,2
lateral,4,17,0.005917846832928619,3
lateral,4,18,0.03171086913690413,0
lateral,4,19,0.018014320759735858,2
lateral,4,20,0.024346763059589938,1
lateral,4,21,0.02657810317249576,4
lateral,4,22,0.007787956442617983,2
lateral,4,23,0.021474543222180897,2
lateral,4,24,0.02022263824157855,2
lateral,4,25,-0.0012557382701386954,3
lateral,4,26,0.023660114728043857,2
lateral,4,27,0.011119249360719952,1
lateral,4,28,0.02388828957329714,1
lateral,4,29,0.02449973644273662,1
lateral,4,30,0.024813008220858856,3
lateral,4,31,0.027696753009892827,1
lateral,4,32,0.004870673221347599,4
lateral,4,33,0.019955811113410382,3
lateral,4,34,0.003915538973632837,4
lateral,4,35,-0.0012267369711770337,4
lateral,4,36,0.029566558510152552,1
lateral,4,37,0.06466775146068038,0
lateral,4,38,0.021291964443036604,1
lateral,4,39,0.02302990592230525,4
lateral,4,40,0.0013479135415871424,4
lateral,4,41,0.024060131915049965,1
lateral,4,42,0.0028066712696183105,4
lateral,4,43,0.009229762727042679,3
lateral,4,44,0.016208584781776558,3
lateral,4,45,0.0003979037074477443,3
lateral,4,46,0.003364698065492333,3
lateral,4,47,0.01374476415597048,1
lateral,4,48,0.013298154912386395,2
lateral,4,49,-0.00297108445802452,5
lateral,4,50,0.002281082785986266,4
lateral,4,51,0.023697100851494235,2
lateral,4,52,0.014505810963608257,2
lateral,4,53,0.0035921079073464313,4
lateral,4,54,0.0037981337211975275,3
lateral,4,55,0.035373235230604316,1
lateral,4,56,0.025809835762081734,0
lateral,4,57,0.019452064825141502,3
lateral,4,58,0.04277920231036547,2
lateral,4,59,0.01866814667734562,2
lateral,4,60,0.02650722607182321,3
lateral,4,61,0.0264270960289672,2
lateral,4,62,0.022977424083087117,2
lateral,4,63,0.02699409583158008,1
lateral,4,64,0.027226543758619215,3
lateral,4,65,-0.003641913078398895,5
lateral,4,66,0.000478273982448707,4
lateral,4,67,-0.011228306408543554,5
lateral,4,68,0.005947793116662492,5
lateral,4,69,0.01024443417866805,2
lateral,4,70,0.0018346359158276648,3
lateral,4,71,0.04306224697659733,1
lateral,4,72,0.007428376049024132,4
lateral,4,73,0.023432953602462114,1
lateral,4,74,0.004035287180678249,4
lateral,4,75,0.0036108937057806045,3
lateral,4,76,0.03215759858920997,1
lateral,4,77,0.027983244939343344,1
lateral,4,78,0.018796629675612575,2
lateral,4,79,0.023823959388197258,2
lateral,4,80,0.014953262440992265,4
lateral,4,81,0.009948562592721921,3
lateral,4,82,0.01932241849382199,1
lateral,4,83,0.02689679076412499,1
lateral,4,84,0.0014197578202603811,4
lateral,4,85,0.0013105084280893298,4
lateral,4,86,0.008721587507138806,1
lateral,4,87,0.016463977704071153,1
lateral,4,88,0.007426932691066868,3
lateral,4,89,0.04219116690974922,3
lateral,4,90,0.009567501650125987,2
lateral,4,91,0.0256113823923092,1
lateral,4,92,0.008885525186173804,3
lateral,4,93,-8.061578314566553e-06,3
lateral,4,94,0.012004128678882231,2
lateral,4,95,0.016252749487562612,2
lateral,4,96,0.0009019904019275105,4
lateral,4,97,0.029241236490875955,1
lateral,4,98,-0.001106783251001331,4
lateral,4,99,0.001957867130966906,4
lateral,6,0,0.0028535140751871912,4
lateral,6,1,0.00713175985012271,3
lateral,6,2,-0.0012616079726033291,4
lateral,6,3,0.008342737164310332,3
lateral,6,4,0.00383341995725639,5
lateral,6,5,0.02579871012941437,1
lateral,6,6,0.016088240860540615,3
lateral,6,7,0.008723908078311249,2
lateral,6,8,0.0008532553187957648,4
lateral,6,9,0.0021245300291674596,2
lateral,6,10,0.02576565147727683,1
lateral,6,11,0.012978600742808322,2
lateral,6,12,-0.0006835934185632775,5
lateral,6,13,-0.0032676738465162725,4
lateral,6,14,0.002237170759056828,3
lateral,6,15,0.017767659710754558,1
lateral,6,16,0.016492072409646674,1
lateral,6,17,0.025758347694866734,2
lateral,6,18,0.014417165657357955,4
lateral,6,19,0.013191529741027552,4
lateral,6,20,0.005336945028398543,4
lateral,6,21,-0.00636527097951578,6
lateral,6,22,0.01180052576850088,3
lateral,6,23,0.007416391088344576,3
lateral,6,24,0.01109925346082774,4
lateral,6,25,-0.007420978896672814,4
lateral,6,26,-0.0025331794602918567,4
lateral,6,27,0.0037960740381525193,4
lateral,6,28,-0.002338857875001099,4
lateral,6,29,0.010527246416231706,2
lateral,6,30,0.0067902676160785935,2
lateral,6,31,0.01053832899686813,3
lateral,6,32,0.018730960764739346,0
lateral,6,33,0.0003402384705823991,3
lateral,6,34,0.005310830119596099,4
lateral,6,35,0.009678486448318147,3
lateral,6,36,0.0032834705524398267,2
lateral,6,37,0.015826982771230735,1
lateral,6,38,0.0077959718073880024,3
lateral,6,39,0.010732360526940488,3
lateral,6,40,0.007677938652280281,4
lateral,6,41,0.0017750850213006375,3
lateral,6,42,0.01921073503618065,1
lateral,6,43,-0.0011110801235438839,6
lateral,6,44,0.0015966578153540079,4
lateral,6,45,0.0027966050392226327,4
lateral,6,46,0.029076115984933426,1
lateral,6,47,0.008040405763443892,3
lateral,6,48,-0.0014772739108325217,5
lateral,6,49,-0.003794884211532068,4
lateral,6,50,0.009368259974237847,4
lateral,6,51,0.0070605572865414246,3
lateral,6,52,-0.0038750853334652557,5
lateral,6,53,0.002693473770998378,3
lateral,6,54,0.00656813838622039,3
lateral,6,55,0.00872796405449805,3
lateral,6,56,0.0035264152535224857,4
lateral,6,57,-0.00781545525676719,5
lateral,6,58,0.005486824276847213,4
lateral,6,59,0.03096025756609122,2
lateral,6,60,0.026034286146587204,5
lateral,6,61,-0.005706419760588943,5
lateral,6,62,0.00818094942825831,2
lateral,6,63,0.007072652507005506,3
lateral,6,64,0.006346434046148319,3
lateral,6,65,0.00492492651761689,4
lateral,6,66,0.005955099617678705,3
lateral,6,67,-0.004364261625787735,5
lateral,6,68,-0.004754050622260975,4
lateral,6,69,0.013717600364567817,1
lateral,6,70,0.025674915005057586,1
lateral,6,71,0.024958590450175566,1
lateral,6,72,0.022373379096454094,2
lateral,6,73,0.006557779348814852,5
lateral,6,74,5.3656302647975274e-05,3
lateral,6,75,0.002493596031909573,2
lateral,6,76,0.010968531731507691,2
lateral,6,77,0.0012583295143018258,4
lateral,6,78,0.05016682352162638,1
lateral,6,79,0.0069720054532078635,2
lateral,6,80,0.024005132894602155,1
lateral,6,81,0.004617798770397918,4
lateral,6,82,-0.008756716700812128,7
lateral,6,83,-0.0027623400475859095,5
lateral,6,84,0.009336795722156288,3
lateral,6,85,-0.002856102859390419,4
lateral,6,86,0.02052480876155538,0
lateral,6,87,0.009871249691379869,2
lateral,6,88,-0.0011988206270594493,5
lateral,6,89,0.03617442533166071,1
lateral,6,90,-0.0008680949902583057,4
lateral,6,91,0.0002963913741071966,4
lateral,6,92,-0.005065729111127459,6
lateral,6,93,0.0008394420781124845,4
lateral,6,94,0.017929123666680535,3
lateral,6,95,-0.00284423924754329,5
lateral,6,96,0.014005494725937151,3
lateral,6,97,-0.001195449659225134,3
lateral,6,98,0.0035362871009214647,4
lateral,6,99,-0.0034048422018408964,4
lateral,8,0,-0.0028700919102361278,5
lateral,8,1,-0.0003522582154840137,3
lateral,8,2,0.0070302337944446736,2
lateral,8,3,0.006906521434373092,3
lateral,8,4,-0.007148460328657458,5
lateral,8,5,0.005626193446601313,3
lateral,8,6,0.014902348502296214,2
lateral,8,7,0.011341819486385019,2
lateral,8,8,0.021557577954881557,1
lateral,8,9,0.013600570262719214,2
lateral,8,10,0.006882906433893443,4
lateral,8,11,0.002796449725216532,3
lateral,8,12,0.004764044425564551,3
lateral,8,13,-0.0019611283696949755,5
lateral,8,14,0.013008825128814516,3
lateral,8,15,0.0019103682748801143,4
lateral,8,16,0.014190925355820116,2
lateral,8,17,0.00555018740006441,2
lateral,8,18,0.01825084363438534,1
lateral,8,19,0.0026491002723907364,2
lateral,8,20,0.010151608644376586,4
lateral,8,21,-0.001638226988920577,6
lateral,8,22,-0.002412654932977598,4
lateral,8,23,-0.0036272861245282284,4
lateral,8,24,0.007748690541100389,2
lateral,8,25,-0.0003848462842214184,4
lateral,8,26,-0.0012087679242283045,4
lateral,8,27,0.012076115528866893,3
lateral,8,28,0.004033162161468651,2
lateral,8,29,-0.0010749913602440264,6
lateral,8,30,0.01413059902126601,2
lateral,8,31,0.005991201213508712,1
lateral,8,32,0.001554106070672412,3
lateral,8,33,0.01674939376072937,3
lateral,8,34,-0.0038039521918625807,6
lateral,8,35,0.00630814773445576,3
lateral,8,36,0.010649001391479063,1
lateral,8,37,0.0018585624072554596,2
lateral,8,38,0.006696333300772683,3
lateral,8,39,0.01021554526677071,3
lateral,8,40,0.010711202611509263,2
lateral,8,41,0.02983951184971223,1
lateral,8,42,-0.005351814964096424,6
lateral,8,43,-0.00023452725865158452,4
lateral,8,44,0.0010120202378489651,4
lateral,8,45,0.0049958005971187935,3
lateral,8,46,0.004205716243450008,2
lateral,8,47,0.007921575000747638,3
lateral,8,48,0.0033121246539052906,4
lateral,8,49,0.002485800150932249,4
lateral,8,50,-0.004107085172437963,5
lateral,8,51,0.008372812825105824,3
lateral,8,52,-0.00034792949621387237,4
lateral,8,53,-0.004781172302944614,7
lateral,8,54,-0.006776265585382024,7
lateral,8,55,0.008162844849412876,4
lateral,8,56,0.00874955197573879,4
lateral,8,57,0.006122462899523562,4
lateral,8,58,0.003758626246849861,5
lateral,8,59,-0.0011140841490966391,4
lateral,8,60,0.01611109530260879,1
lateral,8,61,0.003397772900305962,3
lateral,8,62,0.024124213119757987,1
lateral,8,63,0.011257765028799493,3
lateral,8,64,-0.001027821117588812,3
lateral,8,65,0.005893833167208595,2
lateral,8,66,0.010537446989420607,4
lateral,8,67,0.004746231622073105,3
lateral,8,68,0.009204608721987473,2
lateral,8,69,-0.0034550005024551744,4
lateral,8,70,0.001274762024019549,4
lateral,8,71,0.01792488504075862,1
lateral,8,72,0.001353378575743469,4
lateral,8,73,-0.0030791332665693893,4
lateral,8,74,0.010317546405511302,4
lateral,8,75,-0.0006083675463230964,5
lateral,8,76,0.010108630809347652,1
lateral,8,77,0.022735739344761585,4
lateral,8,78,0.008270562567995743,3
lateral,8,79,0.0012187354736601375,3
lateral,8,80,0.008863357156269513,3
lateral,8,81,0.007165991087722978,2
lateral,8,82,0.014567939173384947,2
lateral,8,83,-0.001976677965329632,5
lateral,8,84,0.0074662215919967245,3
lateral,8,85,0.025423449074946092,2
lateral,8,86,0.010332322042823083,3
lateral,8,87,0.020964170918609804,1
lateral,8,88,0.0045941528617639005,2
lateral,8,89,0.0023870839018277357,3
lateral,8,90,0.018983119562779982,2
lateral,8,91,0.02102142932360651,3
lateral,8,92,-0.0034555852723938685,7
lateral,8,93,0.003740401483646183,4
lateral,8,94,0.007141164178400161,4
lateral,8,95,0.014316014213753947,2
lateral,8,96,0.007323075319020211,2
lateral,8,97,0.004512200446564751,4
lateral,8,98,0.03487503907382583,1
lateral,8,99,0.00031885958472710474,6
lateral,11,0,0.007527513070131109,1
lateral,11,1,0.011709704062408455,3
lateral,11,2,0.010761508489702698,1
lateral,11,3,-0.00012121474382553732,3
lateral,11,4,-0.0003857380413248013,4
lateral,11,5,-0.0018424422602796309,3
lateral,11,6,0.012470769226029299,1
lateral,11,7,0.009174204808854225,3
lateral,11,8,0.0067880951426378955,3
lateral,11,9,0.014681442443906567,0
lateral,11,10,0.0056830513065867505,5
lateral,11,11,0.007565835403599563,3
lateral,11,12,0.012193215742486663,1
lateral,11,13,0.003694732558355396,4
lateral,11,14,0.002511958563785166,2
lateral,11,15,0.0025879228576023428,2
lateral,11,16,-0.00566471207705832,4
lateral,11,17,0.012551236060397652,3
lateral,11,18,-0.0012282543325113915,2
lateral,11,19,-0.0019024204712302373,3
lateral,11,20,0.010155275232278438,3
lateral,11,21,-0.004117708294136713,4
lateral,11,22,-0.006333354678391689,6
lateral,11,23,0.007125513523348559,5
lateral,11,24,0.006893431088170976,1
lateral,11,25,0.0029765560525798485,1
lateral,11,26,0.012920431156039358,2
lateral,11,27,0.005825340374602472,3
lateral,11,28,0.01206101220575806,3
lateral,11,29,-0.006782018822750646,5
lateral,11,30,0.008586344648222721,2
lateral,11,31,0.003764906886121744,3
lateral,11,32,0.0046027786428098905,4
lateral,11,33,0.017540542048254948,1
lateral,11,34,0.012492924247011206,2
lateral,11,35,-0.001795885046128154,6
lateral,11,36,0.011361030160976338,3
lateral,11,37,-0.001478142343448119,4
lateral,11,38,0.008792128519049425,2
lateral,11,39,0.009674611891299478,3
lateral,11,40,-0.0011582677172141675,4
lateral,11,41,-0.002996182175308504,6
lateral,11,42,0.004152973537840943,5
lateral,11,43,0.011246764066057402,2
lateral,11,44,-0.0031726683744202067,6
lateral,11,45,0.00982281215198233,2
lateral,11,46,0.010689668856106671,2
lateral,11,47,0.008176612927562776,2
lateral,11,48,0.004913390309727039,3
lateral,11,49,0.01203271311396703,1
lateral,11,50,0.010095173581163186,1
lateral,11,51,-0.009481755345252862,5
lateral,11,52,-0.0013476554227368487,4
lateral,11,53,0.007706305701003946,2
lateral,11,54,0.0050875103729075555,2
lateral,11,55,0.007809287686926569,3
lateral,11,56,0.008178408210733679,1
lateral,11,57,0.0007684127033215082,4
lateral,11,58,0.010197451997840612,3
lateral,11,59,0.012011230359377567,2
lateral,11,60,0.0023938897426055705,4
lateral,11,61,0.00527940494363055,4
lateral,11,62,0.0045581487456684,3
lateral,11,63,0.003208428004911168,4
lateral,11,64,-0.005390221150172181,6
lateral,11,65,0.007922257205972727,5
lateral,11,66,0.013925122537315149,2
lateral,11,67,0.003919264364283137,4
lateral,11,68,0.004057060567682957,5
lateral,11,69,-0.002343000371459736,2
lateral,11,70,0.0015147710070659848,3
lateral,11,71,0.004037217179412411,4
lateral,11,72,0.0019499150156067069,3
lateral,11,73,0.0030994198466143263,3
lateral,11,74,0.02211138917719646,3
lateral,11,75,0.0008882563923733322,4
lateral,11,76,0.011312255962400597,2
lateral,11,77,0.006327362192486974,3
lateral,11,78,0.01351306686351128,2
lateral,11,79,0.00982854794588306,4
lateral,11,80,0.00616222741486061,4
lateral,11,81,0.010400704119944204,2
lateral,11,82,0.00969012227579602,2
lateral,11,83,0.00575353877042406,4
lateral,11,84,0.01433339545377088,2
lateral,11,85,0.006442896713095281,3
lateral,11,86,-0.0016160971309080452,4
lateral,11,87,0.014984195043098891,2
lateral,11,88,-0.006433093700417225,5
lateral,11,89,0.006077337613000444,2
lateral,11,90,0.01910148023463798,1
lateral,11,91,0.011651556302981647,2
lateral,11,92,0.009401094644883479,3
lateral,11,93,0.005189508361558515,4
lateral,11,94,0.0012915194879900005,3
lateral,11,95,0.0039865816493689366,5
lateral,11,96,-0.0034737290488423556,5
lateral,11,97,-0.005316912353843017,6
lateral,11,98,-0.0003908976555423438,4
lateral,11,99,0.01761869825216633,3
lateral,16,0,-0.0032851509723900163,4
lateral,16,1,0.005437771246904366,3
lateral,16,2,0.0025269287699661858,2
lateral,16,3,-0.00014183781777377114,4
lateral,16,4,-0.00341630495595735,4
lateral,16,5,-0.002366656358681274,6
lateral,16,6,0.006545922784715663,2
lateral,16,7,0.0027527505965121435,5
lateral,16,8,-0.0015475794913238916,4
lateral,16,9,-0.0008370088721900704,4
lateral,16,10,0.0037129727112171773,4
lateral,16,11,-0.00037224865690344,4
lateral,16,12,-0.00244090777884165,6
lateral,16,13,0.003574691500310645,4
lateral,16,14,0.006244327456377596,3
lateral,16,15,0.0006088114408390188,3
lateral,16,16,0.010685509936367854,2
lateral,16,17,0.0033869170571765306,2
lateral,16,18,0.00258687461845597,3
lateral,16,19,0.006851106616640679,2
lateral,16,20,-0.0002738452322073037,4
lateral,16,21,-0.002192694382704641,4
lateral,16,22,0.0038350135846655364,3
lateral,16,23,0.002062837004335738,2
lateral,16,24,-0.0075374675646706635,6
lateral,16,25,-0.0025108487089001708,4
lateral,16,26,0.005173870739587971,3
lateral,16,27,-0.001414707240677937,4
lateral,16,28,-0.0011672481357737352,4
lateral,16,29,0.0019331045985202522,3
lateral,16,30,-0.0006657633289697262,3
lateral,16,31,0.008241132748742053,3
lateral,16,32,0.00903312277130175,3
lateral,16,33,-0.0039559117558157775,4
lateral,16,34,-0.001093929018588291,4
lateral,16,35,-0.0028721407189690185,5
lateral,16,36,0.008363981387125019,1
lateral,16,37,0.004034016596599521,3
lateral,16,38,0.0002404033157192842,5
lateral,16,39,-0.002639770708068645,5
lateral,16,40,0.008380399097459024,2
lateral,16,41,-0.0014535605624362846,5
lateral,16,42,0.008520929524258647,2
lateral,16,43,-0.000563969541985454,3
lateral,16,44,0.0005330384667926458,3
lateral,16,45,-9.807966392272327e-05,4
lateral,16,46,0.0023337867245166732,4
lateral,16,47,0.0077693097887385765,1
lateral,16,48,0.008354967222235166,2
lateral,16,49,0.006266220940871259,5
lateral,16,50,0.007510319383458364,3
lateral,16,51,0.0022845540414404564,3
lateral,16,52,0.005462861608296676,2
lateral,16,53,0.009798762623958956,2
lateral,16,54,0.0014950482959967815,4
lateral,16,55,0.011863709058636318,2
lateral,16,56,-0.001396159459104429,6
lateral,16,57,0.010229684425851038,2
lateral,16,58,0.0010626139487335262,4
lateral,16,59,0.004658317900374298,2
lateral,16,60,0.00446370788150563,2
lateral,16,61,-0.0011010092907217661,5
lateral,16,62,0.00395265117055954,2
lateral,16,63,-0.004959834405034447,5
lateral,16,64,0.010498612188845069,2
lateral,16,65,0.0007528919406036838,5
lateral,16,66,0.00760360740044963,2
lateral,16,67,-0.0021206290714722575,5
lateral,16,68,-0.002909785417051114,5
lateral,16,69,0.00011049350923142409,5
lateral,16,70,0.005260274417549282,3
lateral,16,71,0.00010919185245727991,4
lateral,16,72,0.004121917663256425,3
lateral,16,73,0.0018214141018030316,4
lateral,16,74,0.01064676836938816,3
lateral,16,75,-0.005971754251083539,5
lateral,16,76,0.002853166194622392,5
lateral,16,77,0.016262143216229097,2
lateral,16,78,-0.0018739730528573029,5
lateral,16,79,0.0034052820374488313,4
lateral,16,80,0.0022774373258344083,3
lateral,16,81,-0.006836985419089947,7
lateral,16,82,-0.0015850271648429892,4
lateral,16,83,0.012171232898627649,2
lateral,16,84,-0.0027936046361065614,7
lateral,16,85,0.003483028129752763,3
lateral,16,86,0.007844189506129862,4
lateral,16,87,-0.0007170330033777761,5
lateral,16,88,0.00782761761212969,2
lateral,16,89,0.0031217949552712065,5
lateral,16,90,0.006212543918898916,2
lateral,16,91,-0.0028890734516070493,5
lateral,16,92,0.001386147290528883,4
lateral,16,93,0.010672097629457089,2
lateral,16,94,0.00847444382461826,4
lateral,16,95,0.0026996981010061205,4
lateral,16,96,0.006356766762634525,2
lateral,16,97,0.0024802877536590495,3
lateral,16,98,-0.003425510682505961,5
lateral,16,99,1.7049252258205527e-05,2
lateral,22,0,-0.0006826161190195412,5
lateral,22,1,0.004347720571882152,2
lateral,22,2,0.002472703930979425,5
lateral,22,3,-0.0009010653975889404,4
lateral,22,4,0.0003486426876249116,4
lateral,22,5,-0.0007101931321986665,5
lateral,22,6,-0.00040045099296348585,5
lateral,22,7,0.004220176954982668,3
lateral,22,8,-0.0008515830991353557,3
lateral,22,9,0.0026197083611902983,5
lateral,22,10,-0.0008412029854190095,4
lateral,22,11,0.00033589528487998344,4
lateral,22,12,0.0009833569551269683,5
lateral,22,13,0.003300866179710038,4
lateral,22,14,0.0052305771435013915,5
lateral,22,15,0.001006626878773953,4
lateral,22,16,-0.004469436764506951,4
lateral,22,17,-0.000553114981755698,4
lateral,22,18,0.0015898248171909435,4
lateral,22,19,0.007340748509357287,2
lateral,22,20,0.003506338201199277,3
lateral,22,21,0.005131028714311259,2
lateral,22,22,-0.0065460959409967545,6
lateral,22,23,-0.00010950836793210961,3
lateral,22,24,-0.0034653432569405895,6
lateral,22,25,0.004370811206283465,4
lateral,22,26,0.0003097872321045081,2
lateral,22,27,-0.0024863533382497582,6
lateral,22,28,-3.1036599542066945e-05,3
lateral,22,29,-0.0014683246161132368,3
lateral,22,30,0.006139904068369395,3
lateral,22,31,-0.005999302448882804,5
lateral,22,32,-0.004044271238265784,4
lateral,22,33,-3.9435185760661184e-05,5
lateral,22,34,0.002733493452810487,2
lateral,22,35,0.0008921318539335532,2
lateral,22,36,-0.0009520122784507645,5
lateral,22,37,0.0037199427400720353,3
lateral,22,38,0.001505689369647123,3
lateral,22,39,-0.0027635912034316146,4
lateral,22,40,0.00783829732554453,2
lateral,22,41,0.004626095746305792,3
lateral,22,42,-0.004225906994728357,5
lateral,22,43,0.005533475060254478,2
lateral,22,44,-0.00432734783680877,5
lateral,22,45,-0.004638183439021337,7
lateral,22,46,0.005101730390414061,5
lateral,22,47,-0.0018210413200747677,5
lateral,22,48,0.006670221560628686,2
lateral,22,49,0.0017918720262201093,3
lateral,22,50,0.007215402823003592,2
lateral,22,51,0.0043483390009343426,3
lateral,22,52,-0.002301732786123223,5
lateral,22,53,0.004688249914974074,1
lateral,22,54,0.0006733490959364152,4
lateral,22,55,0.0041489126002054455,2
lateral,22,56,0.0020091416974116205,3
lateral,22,57,6.900612345583923e-05,4
lateral,22,58,0.000509596225096276,4
lateral,22,59,-0.001345603489713576,4
lateral,22,60,0.004646948998960898,3
lateral,22,61,0.002007396192666988,2
lateral,22,62,0.0021662396979204024,2
lateral,22,63,-0.0014946025380973005,5
lateral,22,64,-0.0019525696591733421,5
lateral,22,65,0.0012254483640423697,3
lateral,22,66,0.001747929911669388,4
lateral,22,67,0.0010619098497213209,3
lateral,22,68,0.003650734949207868,1
lateral,22,69,-0.0012234059218010351,5
lateral,22,70,-0.0035599960382216578,6
lateral,22,71,0.0011444372436146821,4
lateral,22,72,0.0015452259946945324,3
lateral,22,73,0.00027992343497185157,3
lateral,22,74,0.0045500120592971705,3
lateral,22,75,0.006405032948100131,3
lateral,22,76,0.004683072426161505,3
lateral,22,77,0.00829817962658208,1
lateral,22,78,0.004624240088243137,1
lateral,22,79,0.004475992901666448,3
lateral,22,80,0.0022768632383337595,3
lateral,22,81,-0.003217643360261424,6
lateral,22,82,0.0024810781673153537,2
lateral,22,83,0.0049026880723090915,3
lateral,22,84,0.004311816630293452,3
lateral,22,85,-0.0027554558285833863,4
lateral,22,86,-0.0011683779466646893,3
lateral,22,87,0.0015249106155516001,3
lateral,22,88,-0.0036352024692750673,6
lateral,22,89,0.0026968538479349435,2
lateral,22,90,0.0025554321310363726,5
lateral,22,91,0.00996256735673362,3
lateral,22,92,-0.0031201491172776485,4
lateral,22,93,-0.0038428869520402698,5
lateral,22,94,0.006341108465950818,1
lateral,22,95,0.005168441173429628,3
lateral,22,96,0.007056628616936345,5
lateral,22,97,-0.00044086122273112593,4
lateral,22,98,0.003975525921201983,4
lateral,22,99,-0.0013604769019991414,3
lateral,30,0,0.002325348152096285,3
lateral,30,1,0.008976405353924632,1
lateral,30,2,0.0010560140524070727,5
lateral,30,3,-0.003197983337629995,6
lateral,30,4,-1.918707707770917e-05,5
lateral,30,5,0.0026737800830500813,1
lateral,30,6,-0.003412093507668801,4
lateral,30,7,0.002284857569236687,5
lateral,30,8,0.002134161651461408,4
lateral,30,9,0.004699880563694081,3
lateral,30,10,0.00431564057767464,3
lateral,30,11,0.01063495929714997,3
lateral,30,12,-0.00109759785400243,5
lateral,30,13,-0.005578496065083316,7
lateral,30,14,0.0016184647111985306,4
lateral,30,15,0.0007573257499647879,4
lateral,30,16,-0.0005400291031092408,4
lateral,30,17,0.002341762633579547,3
lateral,30,18,-0.00021463438534030654,3
lateral,30,19,-0.001860004892740963,4
lateral,30,20,0.004844410587773407,2
lateral,30,21,-0.0011404656699423033,5
lateral,30,22,-0.00017629483395020795,5
lateral,30,23,-0.00020392890608866843,4
lateral,30,24,0.0021886095758585355,3
lateral,30,25,0.00029825865096722026,5
lateral,30,26,0.005092696935345198,3
lateral,30,27,0.005610986494040349,3
lateral,30,28,0.0006982150925743946,3
lateral,30,29,-0.0018401625720771975,6
lateral,30,30,0.001051997141959471,3
lateral,30,31,0.006857586441609276,0
lateral,30,32,0.00020440263604026843,5
lateral,30,33,-0.0012270984768193438,5
lateral,30,34,0.005183072709040948,2
lateral,30,35,-0.00040508114194404143,5
lateral,30,36,0.0036503565173642283,4
lateral,30,37,0.002763694212301271,3
lateral,30,38,-0.0044949811264392014,4
lateral,30,39,0.0054319030268679125,1
lateral,30,40,-9.695373890072911e-05,5
lateral,30,41,0.0009366305828487631,4
lateral,30,42,0.006403688430790089,3
lateral,30,43,0.006972312588837459,3
lateral,30,44,0.00037498164354698993,3
lateral,30,45,-0.003957417812627595,5
lateral,30,46,0.0031136715800967885,4
lateral,30,47,0.002372648400499222,3
lateral,30,48,-0.0035562141469203112,6
lateral,30,49,0.0019446455984222233,3
lateral,30,50,0.0005378648866405378,4
lateral,30,51,-0.003368128551430316,6
lateral,30,52,-0.00023669407850002155,5
lateral,30,53,-0.0022366649791747406,4
lateral,30,54,0.0028962722882066583,3
lateral,30,55,0.0027204479782849678,3
lateral,30,56,-0.001402260701063418,4
lateral,30,57,-0.004130635566597762,6
lateral,30,58,0.006725401551810006,3
lateral,30,59,0.0052886970389013355,2
lateral,30,60,0.0005262549251476845,4
lateral,30,61,-0.00024680922052344734,5
lateral,30,62,0.003332187330491343,1
lateral,30,63,-0.0021604151662742987,6
lateral,30,64,0.0031005911139476705,4
lateral,30,65,0.006044728090380702,2
lateral,30,66,0.00233834050083348,4
lateral,30,67,-0.003373072843982028,5
lateral,30,68,0.00385938176571865,4
lateral,30,69,0.0005615186239520398,5
lateral,30,70,-0.001399099143099658,4
lateral,30,71,-0.002742145690905806,6
lateral,30,72,0.0032929157759339356,5
lateral,30,73,-0.002281647489341565,4
lateral,30,74,-0.00154401056498632,5
lateral,30,75,0.0007327952917093317,3
lateral,30,76,-0.003464920610016242,4
lateral,30,77,0.0026430789813539635,2
lateral,30,78,0.0023056482632490827,2
lateral,30,79,-0.00016840301913212397,3
lateral,30,80,0.0007855896350691394,3
lateral,30,81,0.002438770725938122,2
lateral,30,82,-0.0025165912366114096,4
lateral,30,83,0.003576737571412858,3
lateral,30,84,0.0036141585761212403,3
lateral,30,85,-0.001334166925054281,4
lateral,30,86,0.00131664033773371,4
lateral,30,87,0.003807545819332847,3
lateral,30,88,0.004304797503723701,4
lateral,30,89,-0.00044019579649345886,3
lateral,30,90,-0.0027721720591447063,6
lateral,30,91,-0.00028744948378101043,5
lateral,30,92,0.0019015529103285633,4
lateral,30,93,-0.0004546778250742456,5
lateral,30,94,0.003670230105784933,5
lateral,30,95,0.00210567523135341,4
lateral,30,96,0.00036140912195281594,3
lateral,30,97,0.0031404033851855084,3
lateral,30,98,-0.0023407806923008145,6
lateral,30,99,0.004397422710753829,2
lateral,40,0,0.0022435387755637137,4
lateral,40,1,-0.0044203212292565075,6
lateral,40,2,-0.00323204961919088,6
lateral,40,3,0.0018476685996179354,5
lateral,40,4,0.002440080051469562,2
lateral,40,5,-0.003157754561855741,4
lateral,40,6,0.00039179698278013486,3
lateral,40,7,0.0011279433328188482,3
lateral,40,8,0.0044487637180049555,2
lateral,40,9,-0.0005003046732272587,3
lateral,40,10,-0.0005933509179911756,5
lateral,40,11,0.00030632116699513823,4
lateral,40,12,0.0005949907872392357,3
lateral,40,13,0.005092442439503797,2
lateral,40,14,0.001401894470693943,2
lateral,40,15,0.0013794653244944,2
lateral,40,16,-0.0006238501154820497,5
lateral,40,17,0.00045623683523965397,5
lateral,40,18,-0.0011343792493643257,6
lateral,40,19,0.0003294205424584362,4
lateral,40,20,0.0029467281040529425,2
lateral,40,21,-0.0002874704837783071,4
lateral,40,22,-0.0018005647830500182,5
lateral,40,23,0.0011796114171553906,3
lateral,40,24,-0.0015436018649583882,5
lateral,40,25,-0.0002103796230467081,4
lateral,40,26,-0.0024297774349683054,4
lateral,40,27,0.0021215982161408853,3
lateral,40,28,0.0003978281225448521,4
lateral,40,29,0.00039785171665107644,4
lateral,40,30,-0.0002916057832266228,4
lateral,40,31,0.002750698795636053,5
lateral,40,32,0.0002417926683281335,3
lateral,40,33,4.544773492820564e-05,5
lateral,40,34,0.0015556320527868595,3
lateral,40,35,-0.0009441557992909688,4
lateral,40,36,-0.0001880558901925511,5
lateral,40,37,-0.0027443803388437216,4
lateral,40,38,0.0018226484591143954,2
lateral,40,39,0.0014655439819264426,5
lateral,40,40,-0.0007124154436690677,6
lateral,40,41,0.0015720027038512718,3
lateral,40,42,-0.0003273187192217586,6
lateral,40,43,0.0011449576366040493,3
lateral,40,44,-0.0008130941770537747,6
lateral,40,45,0.0022902220665992346,4
lateral,40,46,0.0020076558241384213,3
lateral,40,47,0.004918384009412136,2
lateral,40,48,-0.0015656603690623605,5
lateral,40,49,-0.0021382092498123395,5
lateral,40,50,0.0019025024090997267,4
lateral,40,51,0.0036244563270365626,2
lateral,40,52,-0.00013350153833069367,4
lateral,40,53,-0.004414600714185979,6
lateral,40,54,0.0027747847299781636,5
lateral,40,55,0.0027618841770311597,2
lateral,40,56,-0.00019622434211874484,4
lateral,40,57,0.000532058589837292,4
lateral,40,58,-0.00048451541663496744,5
lateral,40,59,0.002370761712186642,4
lateral,40,60,0.0011465091789457649,3
lateral,40,61,-0.0022109817305723256,6
lateral,40,62,0.002887489414644895,3
lateral,40,63,0.0010171180572613459,3
lateral,40,64,-0.0009471437639856362,6
lateral,40,65,-0.001007395745524442,6
lateral,40,66,0.0024502642762465054,3
lateral,40,67,0.00037571312160922243,4
lateral,40,68,-0.00014375324043747195,4
lateral,40,69,0.001947429535588019,3
lateral,40,70,-0.0011671194000849594,6
lateral,40,71,-0.0017258373233318691,4
lateral,40,72,0.00575371600592256,3
lateral,40,73,-0.0011300458821154047,5
lateral,40,74,0.0002869446293916056,5
lateral,40,75,-0.0017924435852624265,5
lateral,40,76,0.002629771905038547,3
lateral,40,77,-0.000819202348300685,3
lateral,40,78,0.0009985216794579088,4
lateral,40,79,-0.0010450240550006207,3
lateral,40,80,0.0034296707506666912,3
lateral,40,81,-0.002592199398307793,7
lateral,40,82,0.0011860218525070465,5
lateral,40,83,-0.0034701054675476684,6
lateral,40,84,0.0021535387899503933,4
lateral,40,85,0.0014502623881802457,3
lateral,40,86,0.0012770638433202697,4
lateral,40,87,0.002607400905117685,3
lateral,40,88,0.0008596871653555604,3
lateral,40,89,-0.001077244854483017,4
lateral,40,90,-0.0012453892009355316,3
lateral,40,91,0.0024156808627402437,3
lateral,40,92,0.0032476379838010105,3
lateral,40,93,0.0034288218964921846,2
lateral,40,94,0.0034078938128826453,1
lateral,40,95,0.001797176386529653,3
lateral,40,96,-0.0010174750713259906,4
lateral,40,97,0.0016153553036909463,5
lateral,40,98,-0.0004473779248408416,4
lateral,40,99,-4.742592395357015e-06,5
lateral,50,0,0.00036689133969480814,3
lateral,50,1,0.00044382085969307816,4
lateral,50,2,-0.001460700464989917,5
lateral,50,3,6.164711083411767e-05,3
lateral,50,4,-0.0005907769849611277,4
lateral,50,5,-0.0004891104289462822,4
lateral,50,6,-0.0006999392269717575,4
lateral,50,7,0.00046373379120212554,2
lateral,50,8,-0.00204695614039363,6
lateral,50,9,0.00031816833362341423,2
lateral,50,10,-0.0008006508056579431,4
lateral,50,11,-0.0008730443519425757,4
lateral,50,12,0.00038321264173724057,4
lateral,50,13,0.002320383215877575,5
lateral,50,14,0.0015178243046265472,3
lateral,50,15,-0.0010893264437801253,4
lateral,50,16,0.00012976485051152675,4
lateral,50,17,0.0004671985365987119,3
lateral,50,18,-0.00040696369594050985,5
lateral,50,19,-0.001554033942200217,6
lateral,50,20,0.0006690890140764738,3
lateral,50,21,0.0012858257392993622,4
lateral,50,22,0.00194721643458029,0
lateral,50,23,0.0002675423682626521,4
lateral,50,24,-0.000872391271805939,6
lateral,50,25,0.0011428587365807097,3
lateral,50,26,0.0014482928727003186,4
lateral,50,27,-0.0018772017481885062,3
lateral,50,28,0.00133033080650935,2
lateral,50,29,0.001312187682227517,3
lateral,50,30,0.0006351618700628503,5
lateral,50,31,0.0013440392413386348,3
lateral,50,32,0.0009293363300523216,3
lateral,50,33,-0.0008917345261612031,3
lateral,50,34,0.0010791880927656372,3
lateral,50,35,0.00017030074993584776,3
lateral,50,36,-0.00038039196397998687,4
lateral,50,37,0.00020697352227416754,5
lateral,50,38,0.000780989107551866,5
lateral,50,39,-0.0009944610476488869,5
lateral,50,40,0.0003868685436830832,2
lateral,50,41,0.0014749797382859198,2
lateral,50,42,0.0011446860290180716,3
lateral,50,43,0.00196349278313257,3
lateral,50,44,0.0005028933336048702,4
lateral,50,45,0.001724708246953921,2
lateral,50,46,-0.0022472310162504616,7
lateral,50,47,0.0011824561061614114,2
lateral,50,48,-0.0002339023173789645,5
lateral,50,49,0.0018145842885095576,3
lateral,50,50,0.0013610759751778723,3
lateral,50,51,0.0009117083193830311,3
lateral,50,52,0.0002412137127070224,4
lateral,50,53,0.001354873609946572,2
lateral,50,54,0.0021854488936432492,4
lateral,50,55,0.0011698401484906418,4
lateral,50,56,0.0012825166710880298,3
lateral,50,57,0.0006013101093805817,3
lateral,50,58,-0.0001495831760566224,5
lateral,50,59,0.0018370310221491604,3
lateral,50,60,-0.0016820662642024198,5
lateral,50,61,-0.002090928612124454,6
lateral,50,62,-0.0013110106812505018,4
lateral,50,63,0.0011981702762853264,3
lateral,50,64,0.0015502380533328752,2
lateral,50,65,0.0007538728077679524,4
lateral,50,66,-0.00037441623467837637,4
lateral,50,67,0.0009212005100484033,2
lateral,50,68,0.00045842047101174455,5
lateral,50,69,0.002201726728868203,3
lateral,50,70,0.0001365184275554654,2
lateral,50,71,0.0023664119830163477,2
lateral,50,72,0.0019571304475488605,2
lateral,50,73,0.00010969404456162568,5
lateral,50,74,-0.0006726375567235321,5
lateral,50,75,-0.001421503968870752,6
lateral,50,76,0.0011420896705125472,2
lateral,50,77,-0.0003895822207008459,3
lateral,50,78,-0.00096922015074552,4
lateral,50,79,-0.0018991197337226984,5
lateral,50,80,-0.0013218404750615642,5
lateral,50,81,-0.0030895733517743995,6
lateral,50,82,-0.0012393923872534574,6
lateral,50,83,-0.0005011149361151546,3
lateral,50,84,0.0005138452816390027,3
lateral,50,85,0.002592980329218064,2
lateral,50,86,0.00016773599968666897,5
lateral,50,87,0.00015172209334990416,3
lateral,50,88,0.00030581578099886375,3
lateral,50,89,-0.0017681987744706529,5
lateral,50,90,0.0006676957110547388,4
lateral,50,91,0.0017013862931535284,2
lateral,50,92,0.00238417380054623,2
lateral,50,93,0.00041737183231760344,4
lateral,50,94,-0.000587222922295072,5
lateral,50,95,-0.0007689394535160821,5
lateral,50,96,0.0012201364572742568,4
lateral,50,97,0.0010913283947764363,3
lateral,50,98,0.00022156795048766664,3
lateral,50,99,0.000675247356098696,3
lateral,59,0,0.0,0
lateral,59,0,0.0,0
MV,1,0,-0.0041492065367911835,4
MV,1,1,-0.0041492065367911835,4
MV,1,2,0.0651595067868701,4
MV,1,3,-0.00863113752965805,5
MV,1,4,0.07544560640297393,3
MV,1,5,-0.029430701902740664,6
MV,1,6,0.2729508912094474,1
MV,1,7,-0.029242374186142728,5
MV,1,8,-0.01809163966549676,3
MV,1,9,0.1588799509839094,0
MV,1,10,0.09979395845526107,1
MV,1,11,0.09819118739961397,2
MV,1,12,0.2044866015150506,1
MV,1,13,-0.024874153020754575,4
MV,1,14,0.9464488726050467,0
MV,1,15,0.1320558371026216,1
MV,1,16,0.0651595067868701,4
MV,1,17,-0.030550116493892387,6
MV,1,18,0.14770199791632965,0
MV,1,19,-0.024874153020754575,4
MV,1,20,0.14770199791632965,0
MV,1,21,-0.03761818855115284,6
MV,1,22,0.11570944206496547,1
MV,1,23,0.09019561750115335,1
MV,1,24,-0.022701918529829834,5
MV,1,25,0.10927195931425127,1
MV,1,26,0.14681288206752097,1
MV,1,27,0.1588799509839094,0
MV,1,28,0.07544560640297393,3
MV,1,29,-0.00863113752965805,5
MV,1,30,0.15187983563340768,1
MV,1,31,0.027024623081215227,3
MV,1,32,-0.01425853441719116,3
MV,1,33,-0.01548947106929277,5
MV,1,34,-0.029430701902740664,6
MV,1,35,-0.029430701902740664,6
MV,1,36,0.027024623081215227,3
MV,1,37,-0.02034954980788284,5
MV,1,38,-0.016174461419248942,4
MV,1,39,0.15187983563340768,1
MV,1,40,-0.021429280098753112,5
MV,1,41,-0.024874153020754575,4
MV,1,42,0.07544560640297393,3
MV,1,43,0.06389690551702554,3
MV,1,44,-0.0201240304977085,3
MV,1,45,0.11563245986829818,1
MV,1,46,0.15252670474128316,0
MV,1,47,0.15187983563340768,1
MV,1,48,0.07544560640297393,3
MV,1,49,0.15252670474128316,0
MV,1,50,0.8715102883574536,1
MV,1,51,0.06389690551702554,3
MV,1,52,-0.02034954980788284,5
MV,1,53,-0.029430701902740664,6
MV,1,54,-0.02034954980788284,5
MV,1,55,0.1320558371026216,1
MV,1,56,-0.029430701902740664,6
MV,1,57,-0.01548947106929277,5
MV,1,58,0.2719349318667814,2
MV,1,59,0.2729508912094474,1
MV,1,60,-0.01809163966549676,3
MV,1,61,-0.03761818855115284,6
MV,1,62,-0.03291650942216773,6
MV,1,63,-0.022701918529829834,5
MV,1,64,0.07544560640297393,3
MV,1,65,0.11563245986829818,1
MV,1,66,-0.03761818855115284,6
MV,1,67,-0.029430701902740664,6
MV,1,68,0.4075089859276694,1
MV,1,69,-0.01789714750538407,4
MV,1,70,0.027024623081215227,3
MV,1,71,-0.022701918529829834,5
MV,1,72,-0.01809163966549676,3
MV,1,73,0.14681288206752097,1
MV,1,74,0.07544560640297393,3
MV,1,75,0.4075089859276694,1
MV,1,76,-0.0041492065367911835,4
MV,1,77,-0.0041492065367911835,4
MV,1,78,0.4075089859276694,1
MV,1,79,0.09979395845526107,1
MV,1,80,-0.016174461419248942,4
MV,1,81,-0.016174461419248942,4
MV,1,82,0.06999250080177477,3
MV,1,83,-0.030318081125889296,3
MV,1,84,0.2729508912094474,1
MV,1,85,0.11563245986829818,1
MV,1,86,-0.01548947106929277,5
MV,1,87,0.3184976687004146,0
MV,1,88,-0.01548947106929277,5
MV,1,89,0.20459944490342952,1
MV,1,90,0.1588799509839094,0
MV,1,91,0.09819118739961397,2
MV,1,92,0.8715102883574536,1
MV,1,93,-0.01548947106929277,5
MV,1,94,0.14770199791632965,0
MV,1,95,-0.029430701902740664,6
MV,1,96,0.0651595067868701,4
MV,1,97,0.0027074964774757015,3
MV,1,98,-0.02040436702236126,4
MV,1,99,-0.03761818855115284,6
MV,2,0,0.059901123733899664,3
MV,2,1,-0.030848228295962787,5
MV,2,2,-0.012972465191764981,4
MV,2,3,0.018071755161399694,2
MV,2,4,0.03974238658944196,0
MV,2,5,0.05180826780416847,2
MV,2,6,0.11043642891133376,1
MV,2,7,0.030334252117966698,2
MV,2,8,0.028343018567303035,1
MV,2,9,0.20351520932270672,1
MV,2,10,-0.02837102870386088,3
MV,2,11,0.038599169577774206,0
MV,2,12,0.13187312585178268,3
MV,2,13,0.2499354500640476,2
MV,2,14,0.08597511900566723,1
MV,2,15,0.12057080492421157,1
MV,2,16,0.001451422677990366,4
MV,2,17,-0.04059813176039839,6
MV,2,18,0.08221567353221015,1
MV,2,19,0.13187312585178268,3
MV,2,20,0.09096880433254728,0
MV,2,21,-0.00475470131826905,5
MV,2,22,0.1481802418308088,0
MV,2,23,-0.03142409417779657,5
MV,2,24,-0.02863621666979288,6
MV,2,25,0.08369450737426876,3
MV,2,26,0.21203799830819414,1
MV,2,27,-0.009234559314960755,4
MV,2,28,-0.030985192979897547,3
MV,2,29,0.038163139427513815,1
MV,2,30,0.09096880433254728,0
MV,2,31,-0.03195176390718413,6
MV,2,32,0.12218764892735878,1
MV,2,33,-0.028484505166614493,3
MV,2,34,0.020676363926652397,2
MV,2,35,-0.044562274951416625,5
MV,2,36,0.0699759165978483,2
MV,2,37,0.14111904519917784,2
MV,2,38,-0.05009429315941383,7
MV,2,39,0.06092936936419824,3
MV,2,40,0.08906842507141788,0
MV,2,41,0.021720436667042153,2
MV,2,42,0.062191424670546724,3
MV,2,43,0.0071155531559156104,3
MV,2,44,-0.04419028951458648,6
MV,2,45,0.02172401717218897,2
MV,2,46,0.06585729947328833,1
MV,2,47,0.09653005267850145,0
MV,2,48,0.09130438094197979,3
MV,2,49,-0.027830941071927517,5
MV,2,50,-0.024521366451192295,5
MV,2,51,0.03424922266136865,2
MV,2,52,0.07251595386859166,1
MV,2,53,0.09710975580612546,0
MV,2,54,0.1017293608002785,2
MV,2,55,0.0679819587370738,0
MV,2,56,-0.021285147846986763,4
MV,2,57,0.014283442497546317,2
MV,2,58,0.05323429257060408,2
MV,2,59,0.04305006920316434,2
MV,2,60,0.05675957590655012,1
MV,2,61,0.07298126382024361,1
MV,2,62,-0.042273620107336485,6
MV,2,63,0.09556401565820882,1
MV,2,64,0.1410554891442115,0
MV,2,65,0.03220216798968989,2
MV,2,66,0.2743289186993507,2
MV,2,67,0.02140224263665924,3
MV,2,68,0.0977973325763356,1
MV,2,69,0.08369450737426876,3
MV,2,70,0.012310075901381112,3
MV,2,71,0.15078374435333164,0
MV,2,72,0.19732858021061717,1
MV,2,73,-0.04816075525907848,6
MV,2,74,0.20930842933441074,1
MV,2,75,0.04731371796726658,0
MV,2,76,0.060796693168592264,1
MV,2,77,0.0653693764412514,3
MV,2,78,0.0987963015970642,0
MV,2,79,0.02723241676489152,2
MV,2,80,0.15495149611717196,0
MV,2,81,0.027458763636881378,2
MV,2,82,0.02307820942476868,2
MV,2,83,-0.045366536466096674,6
MV,2,84,-0.02930702192981882,6
MV,2,85,0.20739460110493135,0
MV,2,86,0.00492833731675546,3
MV,2,87,0.027625388443956678,3
MV,2,88,-0.03358557190815137,6
MV,2,89,-0.005600866429121387,5
MV,2,90,0.13472827716516178,2
MV,2,91,0.11146574853793423,1
MV,2,92,-0.021374690321143808,3
MV,2,93,0.028343018567303035,1
MV,2,94,0.07017244724457594,2
MV,2,95,0.03197952466868326,2
MV,2,96,0.06655296172553982,2
MV,2,97,0.09011818023248364,0
MV,2,98,0.022966339478667996,2
MV,2,99,0.06653747012495359,1
MV,3,0,0.17346787522937146,2
MV,3,1,-0.021375658408203546,5
MV,3,2,-0.03655498993716244,8
MV,3,3,-0.03231300897174472,6
MV,3,4,0.07030255125191764,1
MV,3,5,0.04649618038650727,1
MV,3,6,-1.0362415565734473e-05,2
MV,3,7,0.0936769723046531,2
MV,3,8,0.03117504200833532,3
MV,3,9,0.04910608759069324,2
MV,3,10,-0.005437020078058463,2
MV,3,11,0.08784486734605224,1
MV,3,12,-0.003651383396817698,4
MV,3,13,0.0883332027294873,1
MV,3,14,0.004194743350803498,2
MV,3,15,-0.033781355572008454,5
MV,3,16,-0.0040282360296800546,5
MV,3,17,-0.037674897951389674,5
MV,3,18,-0.0026364293453369214,2
MV,3,19,0.05583391429073181,0
MV,3,20,0.02613780511029906,1
MV,3,21,-0.03403376764604571,5
MV,3,22,0.0038897991593226378,3
MV,3,23,-0.038831784215594856,6
MV,3,24,0.12900540569150887,2
MV,3,25,0.12117243427331614,0
MV,3,26,-0.02548458162169831,5
MV,3,27,0.03302227352934883,2
MV,3,28,0.07196852243432406,5
MV,3,29,0.01319576476113038,2
MV,3,30,-0.0034756604809709213,2
MV,3,31,0.08211838568220298,1
MV,3,32,0.07874270427681895,1
MV,3,33,0.04007048120516299,0
MV,3,34,0.12467888088685786,2
MV,3,35,0.016784871211311336,4
MV,3,36,0.019560165037544874,3
MV,3,37,0.009663581720250725,3
MV,3,38,-0.005885214448749121,5
MV,3,39,0.0623041739217558,0
MV,3,40,-0.031119869131874478,5
MV,3,41,0.08742587361519338,2
MV,3,42,-0.01910200481727442,8
MV,3,43,4.149922023577446e-06,4
MV,3,44,0.027125414497660927,3
MV,3,45,-0.016989835288046318,3
MV,3,46,0.02614464599362709,2
MV,3,47,0.06601800660071488,1
MV,3,48,0.13653997039489385,2
MV,3,49,-0.03356978431050006,5
MV,3,50,0.04225847076968092,1
MV,3,51,0.026301383883750473,2
MV,3,52,0.06551900353613649,2
MV,3,53,-1.9373056748817064e-05,3
MV,3,54,-0.02575067564254263,5
MV,3,55,0.020829038582195314,4
MV,3,56,0.09221442956294168,1
MV,3,57,0.041391783380441804,1
MV,3,58,-0.0037361181149837552,5
MV,3,59,-0.011198217861936421,5
MV,3,60,0.11282252157176409,3
MV,3,61,0.11820338564092892,0
MV,3,62,0.09007302035600295,1
MV,3,63,-0.00977612154831542,5
MV,3,64,0.025049177807776157,2
MV,3,65,-0.013015520194481489,6
MV,3,66,0.08840394406550323,2
MV,3,67,-0.014331543123642598,3
MV,3,68,0.011442693307447183,3
MV,3,69,0.18008571433787224,1
MV,3,70,-0.006521664760574031,3
MV,3,71,0.053320363543453486,0
MV,3,72,0.0645265965059938,0
MV,3,73,0.09823794806832697,1
MV,3,74,0.05824313803928627,0
MV,3,75,0.03751713442818749,5
MV,3,76,-0.005020156106502971,3
MV,3,77,0.09708638223462995,1
MV,3,78,-0.04490597193121848,6
MV,3,79,0.11641140580671905,0
MV,3,80,0.10217832451413722,2
MV,3,81,0.04162806522428453,1
MV,3,82,0.024902784949735968,2
MV,3,83,-0.011793307917226659,3
MV,3,84,-0.0018325664902762995,4
MV,3,85,0.036646021025105835,0
MV,3,86,0.01877411310614019,2
MV,3,87,0.00573127641360982,3
MV,3,88,0.09155879208157491,1
MV,3,89,0.02984414228071064,1
MV,3,90,-0.03244474159872124,6
MV,3,91,0.11083692107093313,0
MV,3,92,0.058201778105500424,0
MV,3,93,-0.017916549046864905,7
MV,3,94,0.058201778105500424,0
MV,3,95,0.031040404595253035,3
MV,3,96,0.005167830731789058,4
MV,3,97,-0.011500099211768533,5
MV,3,98,-0.01680275549274024,5
MV,3,99,0.034766088290242636,4
MV,4,0,0.004633914704549658,4
MV,4,1,0.043261623104073,2
MV,4,2,0.019535991160564703,3
MV,4,3,-0.0194865585609596,6
MV,4,4,-0.012742297485784038,4
MV,4,5,0.049294118812971854,3
MV,4,6,0.06954594565258432,1
MV,4,7,0.04752636778073682,0
MV,4,8,0.010335037564691452,2
MV,4,9,0.02026680999331465,2
MV,4,10,-0.019443586686855197,6
MV,4,11,0.004192069501464779,3
MV,4,12,0.07645129856715416,1
MV,4,13,-0.011952233430118975,5
MV,4,14,0.06500813381544124,0
MV,4,15,0.027180797419304237,1
MV,4,16,0.025269780554264765,2
MV,4,17,0.07347009711719643,1
MV,4,18,0.08893341159634638,0
MV,4,19,0.004322848870849549,4
MV,4,20,-0.007627669267305626,6
MV,4,21,-0.02098643265725475,5
MV,4,22,-0.011949010238961666,4
MV,4,23,0.029206378180961834,2
MV,4,24,-0.021163384059261103,5
MV,4,25,0.07581202012538224,0
MV,4,26,0.13091602932204027,2
MV,4,27,-0.042841185951756344,6
MV,4,28,0.09846423757739209,0
MV,4,29,0.03315151028215635,0
MV,4,30,-0.00604331825584048,4
MV,4,31,0.055516947230583646,1
MV,4,32,0.06659566973440523,1
MV,4,33,0.04759350535556406,2
MV,4,34,0.033501856237686645,1
MV,4,35,-0.02021669611438137,6
MV,4,36,0.030995337228001518,1
MV,4,37,-0.008095268832280733,3
MV,4,38,0.113432118610171,0
MV,4,39,0.06695471483912319,0
MV,4,40,0.026613049535944566,1
MV,4,41,0.023152032186801064,3
MV,4,42,-0.02931891968042799,5
MV,4,43,0.0010586495571194288,2
MV,4,44,0.05257712865280295,1
MV,4,45,0.08231772806752147,1
MV,4,46,0.05607808205743792,1
MV,4,47,0.02443062756560599,5
MV,4,48,0.027428561722053657,1
MV,4,49,-0.0406850857471851,6
MV,4,50,0.026564611284736195,2
MV,4,51,-0.0006955123572015554,4
MV,4,52,0.054797634793605665,3
MV,4,53,0.04647426770096996,3
MV,4,54,0.0333084867676009,2
MV,4,55,0.08330928901654477,1
MV,4,56,0.045883204307597514,1
MV,4,57,0.027310057343133853,2
MV,4,58,0.06746696635635652,1
MV,4,59,-0.0025947588162802404,2
MV,4,60,-0.0195713796175796,7
MV,4,61,0.033960658184461145,2
MV,4,62,0.08348243209352557,0
MV,4,63,-0.01186533873609008,5
MV,4,64,0.0029352320100743956,5
MV,4,65,-0.01382249720821016,4
MV,4,66,-0.0007531958323113708,3
MV,4,67,-0.03847688024493834,6
MV,4,68,0.01791119304034705,2
MV,4,69,0.005613607492022887,2
MV,4,70,0.033970404678021815,2
MV,4,71,0.03481204886652667,2
MV,4,72,0.06972666506122482,0
MV,4,73,0.04481911098014846,1
MV,4,74,0.04475228581119184,2
MV,4,75,0.08743089173994878,0
MV,4,76,-0.026247419432351315,6
MV,4,77,0.05986446376386978,3
MV,4,78,0.024430643193183332,1
MV,4,79,0.04195186370800541,0
MV,4,80,0.19899310817512705,1
MV,4,81,0.04395954396764323,1
MV,4,82,0.008300562792434407,3
MV,4,83,0.051118320821254226,3
MV,4,84,-0.008977326135493513,5
MV,4,85,0.05342746182173197,1
MV,4,86,0.02310884849347039,2
MV,4,87,0.021551881203885404,1
MV,4,88,0.0007731095229372986,4
MV,4,89,0.06270033939010056,0
MV,4,90,0.06338292287134051,1
MV,4,91,0.09007244526187874,1
MV,4,92,0.00017641976393290015,4
MV,4,93,0.10430904648009764,0
MV,4,94,-0.012102653033881583,6
MV,4,95,0.06981568652297188,1
MV,4,96,0.029807563646069957,1
MV,4,97,0.06960111740140007,1
MV,4,98,0.025741312888191703,3
MV,4,99,0.021247908852090935,2
MV,6,0,0.0023367202233036677,2
MV,6,1,0.06919203048631717,1
MV,6,2,0.0037265944557061115,5
MV,6,3,0.004526698037195853,4
MV,6,4,-0.010056492037868181,6
MV,6,5,0.017759446151294767,2
MV,6,6,0.04855231165485763,3
MV,6,7,0.05626460660094956,1
MV,6,8,-0.019669980635547257,3
MV,6,9,0.02722567142333243,3
MV,6,10,0.02828059601281241,1
MV,6,11,-0.02880989074351914,6
MV,6,12,0.044668372719197436,0
MV,6,13,0.009308848192657093,2
MV,6,14,-0.008481941530477322,3
MV,6,15,0.025075026928992772,2
MV,6,16,0.011969959336381453,2
MV,6,17,0.01203688704414041,4
MV,6,18,-0.009201428389956412,7
MV,6,19,0.06676036066231583,0
MV,6,20,-0.015730616678227394,6
MV,6,21,0.0012050956077682695,5
MV,6,22,-0.012718498035316217,4
MV,6,23,0.052970884361445036,1
MV,6,24,0.03669923818511045,3
MV,6,25,0.037121221021766404,1
MV,6,26,-0.0027780928538512217,3
MV,6,27,-0.00039915077024532675,3
MV,6,28,-0.01463938537539955,6
MV,6,29,0.031163580197763108,3
MV,6,30,0.03362731018641796,1
MV,6,31,-0.006454758763043467,6
MV,6,32,0.0060917617151795556,4
MV,6,33,-0.018959257000167984,3
MV,6,34,-0.001630765213776919,2
MV,6,35,0.026728517691471776,1
MV,6,36,0.024088629007051332,4
MV,6,37,0.0301753155953145,0
MV,6,38,-0.00535860505625585,2
MV,6,39,0.014418444490806648,3
MV,6,40,0.045616352202279664,1
MV,6,41,-0.024841996118367238,6
MV,6,42,0.035936303460676555,1
MV,6,43,0.022441723275030134,1
MV,6,44,0.05990599527793827,0
MV,6,45,-0.007329208301481871,5
MV,6,46,-0.025755590382185556,8
MV,6,47,0.03827505311991386,0
MV,6,48,0.003078377570062907,3
MV,6,49,0.019914877750609294,4
MV,6,50,0.02437444837326519,2
MV,6,51,0.03749181623837272,0
MV,6,52,-0.0415235828100613,7
MV,6,53,0.012580806215564677,4
MV,6,54,0.04893860807795525,1
MV,6,55,0.03505195018884577,2
MV,6,56,0.03107401743012761,2
MV,6,57,0.049269420162030175,1
MV,6,58,-0.000600411647714294,5
MV,6,59,0.016703003950107376,2
MV,6,60,0.04012303796071448,1
MV,6,61,0.01570976654399725,2
MV,6,62,0.0018249494917831344,4
MV,6,63,-0.005021664918069546,3
MV,6,64,0.024893619367283404,3
MV,6,65,-0.0073414478126836435,3
MV,6,66,0.03420049194740937,5
MV,6,67,0.005590399012624481,5
MV,6,68,0.007354390960299884,4
MV,6,69,-0.009493343307323876,3
MV,6,70,0.007430923813143142,4
MV,6,71,0.005300869934930286,3
MV,6,72,0.026873168370034728,1
MV,6,73,0.015725065733874333,1
MV,6,74,-0.008739775744693978,4
MV,6,75,0.0505368388478884,1
MV,6,76,0.03892309679932482,1
MV,6,77,0.020861603813758234,1
MV,6,78,-0.010697721792326642,6
MV,6,79,-0.031074212574291438,7
MV,6,80,0.04403954982698988,2
MV,6,81,-0.030326351948716912,6
MV,6,82,0.0269866310355541,2
MV,6,83,0.0241536707269131,1
MV,6,84,0.04166016791335292,0
MV,6,85,0.01568499834565318,1
MV,6,86,0.009612867654025248,4
MV,6,87,-2.8939910182490536e-05,5
MV,6,88,0.05763502519881225,1
MV,6,89,0.05317372171206991,0
MV,6,90,0.04302766457019014,2
MV,6,91,0.05033120556861759,1
MV,6,92,0.05763723393801734,1
MV,6,93,-0.002236553898494642,2
MV,6,94,0.008170886159099111,4
MV,6,95,-0.0065167761707843885,5
MV,6,96,0.02696598455628685,2
MV,6,97,0.028489652259918397,3
MV,6,98,-0.010358568124152812,4
MV,6,99,0.011664181286368258,2
MV,8,0,0.04656625855021357,3
MV,8,1,-0.011554278363818393,5
MV,8,2,0.030024622436346737,0
MV,8,3,0.009712838507957233,2
MV,8,4,0.011941063486677783,3
MV,8,5,0.024847568548738264,0
MV,8,6,0.03357065984987839,1
MV,8,7,0.023896757426150605,2
MV,8,8,0.004247590812138213,2
MV,8,9,-0.0075758093134691284,5
MV,8,10,0.028421577797960507,1
MV,8,11,0.03493686305091559,1
MV,8,12,-0.008544088530620941,5
MV,8,13,-0.005807262499232468,3
MV,8,14,0.02887813734433764,3
MV,8,15,-0.005895844327814648,4
MV,8,16,0.024942295140243487,2
MV,8,17,0.0033469900975382494,3
MV,8,18,0.035136732762144574,2
MV,8,19,-0.020648550851526948,5
MV,8,20,-0.01846244169733835,8
MV,8,21,0.040950059821207696,1
MV,8,22,-0.0011069211274246094,5
MV,8,23,-0.016430000079053597,5
MV,8,24,-0.0024359694298682344,4
MV,8,25,-0.004540039252181494,5
MV,8,26,-0.0314647193892158,6
MV,8,27,-0.003634794115436324,3
MV,8,28,0.010628208458002386,2
MV,8,29,0.03354924533335912,0
MV,8,30,-5.3486325803264734e-05,6
MV,8,31,0.05574917283829661,1
MV,8,32,0.019920520631761196,2
MV,8,33,0.03412884412458661,2
MV,8,34,-0.0036728651700849158,5
MV,8,35,-0.007511275850739185,5
MV,8,36,0.007274599996775377,1
MV,8,37,0.020099963036019353,3
MV,8,38,0.0438596804936614,3
MV,8,39,0.026441993149476928,1
MV,8,40,-0.025275062381760582,5
MV,8,41,-0.014884091348616346,5
MV,8,42,-0.02157528377842266,6
MV,8,43,0.016019248933316077,4
MV,8,44,0.06814976375412896,1
MV,8,45,0.013025832397435266,2
MV,8,46,-0.026208249139911266,4
MV,8,47,0.007395955848526481,3
MV,8,48,-0.01465636272980353,6
MV,8,49,-0.02380771220161404,5
MV,8,50,0.02372970095049054,4
MV,8,51,0.022389210934485315,0
MV,8,52,0.06434982411753298,0
MV,8,53,0.0344648192336916,3
MV,8,54,0.019215147367896868,1
MV,8,55,0.027561617541160155,0
MV,8,56,0.0094597498778618,2
MV,8,57,0.01766948430578741,3
MV,8,58,-0.016603526150363423,3
MV,8,59,-0.005208651837261491,3
MV,8,60,-0.02159168288730462,6
MV,8,61,-0.020669274079551214,5
MV,8,62,0.048293794594168826,0
MV,8,63,0.03720482901127209,3
MV,8,64,0.007196439998915061,3
MV,8,65,-0.006136864456398827,5
MV,8,66,0.02343436566241075,4
MV,8,67,-0.029888213695557497,6
MV,8,68,0.003928076872357189,4
MV,8,69,0.06431487498028565,2
MV,8,70,0.005835411365114673,2
MV,8,71,-0.024399245999896402,6
MV,8,72,-0.00398193931458346,4
MV,8,73,0.025109608802613037,1
MV,8,74,0.04473970952434114,3
MV,8,75,-0.005728981757379348,4
MV,8,76,0.015054315501847326,1
MV,8,77,-0.003279638828784237,5
MV,8,78,0.017403556077026816,3
MV,8,79,0.019202507727723583,4
MV,8,80,0.018485853131315233,1
MV,8,81,0.010358498193900445,3
MV,8,82,0.04438469030403602,1
MV,8,83,0.029712450837481308,0
MV,8,84,0.041271599873031306,1
MV,8,85,0.03256418630212243,1
MV,8,86,-0.016524437042702123,7
MV,8,87,0.014459426814699916,2
MV,8,88,0.005635505768980087,4
MV,8,89,-0.015336600348044183,6
MV,8,90,-0.01693265987522352,6
MV,8,91,0.020845791974075545,0
MV,8,92,0.008195089059080951,2
MV,8,93,0.020603982426318113,4
MV,8,94,-0.015519297213143157,4
MV,8,95,0.054694554313642896,1
MV,8,96,0.016935434925025805,3
MV,8,97,0.00347873962759504,3
MV,8,98,0.01714310156487764,2
MV,8,99,0.025459322004774854,2
MV,11,0,-0.02419310262209795,7
MV,11,1,0.021451393890937642,1
MV,11,2,-0.003666558184017288,5
MV,11,3,0.032982969214477964,0
MV,11,4,-0.01752801651882152,6
MV,11,5,0.037730644381782086,0
MV,11,6,0.02611045051254246,1
MV,11,7,0.004131001655509059,3
MV,11,8,-0.0035795496809650773,2
MV,11,9,0.0042457495669780965,3
MV,11,10,-0.009544406711905928,5
MV,11,11,0.03453566644439432,0
MV,11,12,0.052703708912611114,2
MV,11,13,0.0038795596718791403,3
MV,11,14,0.010632202757581477,3
MV,11,15,0.007213786358925223,2
MV,11,16,0.008424304911853087,3
MV,11,17,-0.012900602589018595,5
MV,11,18,-0.006072121609928982,6
MV,11,19,5.077262243691205e-05,5
MV,11,20,-0.007124483611676835,5
MV,11,21,-0.007808144487049029,5
MV,11,22,0.008729819222910717,2
MV,11,23,0.024443975513194438,3
MV,11,24,-0.014407156127809517,4
MV,11,25,-0.007263827857837191,4
MV,11,26,0.0162992407603072,3
MV,11,27,-0.0014094966495659111,5
MV,11,28,0.06191542933382421,1
MV,11,29,0.01511236222492085,4
MV,11,30,-0.003855886683493237,5
MV,11,31,-0.015789310707367554,5
MV,11,32,-0.012264031406822862,7
MV,11,33,0.003732496353068604,3
MV,11,34,0.02099566190704827,2
MV,11,35,-0.01601219474847637,5
MV,11,36,-0.006937011101952217,6
MV,11,37,0.023113938358623076,1
MV,11,38,0.01430606279868396,3
MV,11,39,0.020908885983104142,2
MV,11,40,-0.028645949826259676,6
MV,11,41,0.010350246497447313,1
MV,11,42,0.02942999491806031,2
MV,11,43,0.014754116680014473,4
MV,11,44,0.04754345805427573,2
MV,11,45,0.019252800261730485,1
MV,11,46,0.03628272715819647,2
MV,11,47,0.010807293874124047,2
MV,11,48,0.007152154930679444,3
MV,11,49,0.016158450016694692,1
MV,11,50,0.0017980288381300724,4
MV,11,51,0.015254836457491261,3
MV,11,52,0.04462860985889139,1
MV,11,53,5.6791265389599666e-05,3
MV,11,54,0.020348810270113704,1
MV,11,55,-0.006578846282205508,4
MV,11,56,0.01901049751832118,3
MV,11,57,0.008884709643525168,2
MV,11,58,-0.030723643232936193,5
MV,11,59,-0.01625919320760194,4
MV,11,60,0.006655467391579295,2
MV,11,61,-0.01506418549137678,5
MV,11,62,-0.011060237026635944,4
MV,11,63,0.002996698692748656,5
MV,11,64,0.0021408702407175184,4
MV,11,65,0.014620608994062145,2
MV,11,66,0.025964524593935057,2
MV,11,67,0.01615808174712352,3
MV,11,68,0.052761425556873465,0
MV,11,69,0.007964183184643647,5
MV,11,70,0.017005345914291037,3
MV,11,71,0.014421600295613235,1
MV,11,72,0.00914507937448028,3
MV,11,73,0.030274645329959382,4
MV,11,74,-0.012543430836588154,4
MV,11,75,0.046786303792554884,0
MV,11,76,0.004215644429035104,2
MV,11,77,0.013738632008765905,1
MV,11,78,0.010200835437445877,3
MV,11,79,-0.01317649005939392,6
MV,11,80,0.029241750226757346,1
MV,11,81,0.017874223031502656,4
MV,11,82,0.03895601966668194,4
MV,11,83,0.022028797340727158,4
MV,11,84,-0.009934393057943192,7
MV,11,85,0.0002627014142446704,4
MV,11,86,0.021095114247464575,0
MV,11,87,0.03632337407658792,1
MV,11,88,-0.0013599739794688537,2
MV,11,89,0.017735270754412502,2
MV,11,90,0.008236343876459107,2
MV,11,91,0.008399691792357111,3
MV,11,92,-0.01006844847770072,6
MV,11,93,0.029916634385741547,1
MV,11,94,0.009336016727316987,3
MV,11,95,0.007262533761840828,2
MV,11,96,0.0036398867510311073,3
MV,11,97,0.0035230324160065996,4
MV,11,98,0.0013065001661183295,3
MV,11,99,0.012106995161115575,3
MV,16,0,0.005023645678207678,4
MV,16,1,0.0026200342928047737,3
MV,16,2,0.02599455667938899,3
MV,16,3,-0.005660625350126458,3
MV,16,4,0.005844941300364281,4
MV,16,5,0.011621652290881523,1
MV,16,6,-0.005190698099536428,5
MV,16,7,-0.008839580598200891,6
MV,16,8,0.01130663724448433,5
MV,16,9,0.019781045905365113,0
MV,16,10,0.01076967920381433,5
MV,16,11,0.007190932720441245,3
MV,16,12,-0.009021747741051356,2
MV,16,13,-0.02847057677153675,8
MV,16,14,-0.0011821262729490023,4
MV,16,15,-0.00785830864801329,5
MV,16,16,-0.009625470410501213,6
MV,16,17,-0.0013199702734554286,6
MV,16,18,0.014556308072957158,2
MV,16,19,0.00024847175038511526,4
MV,16,20,-0.013699825304391067,5
MV,16,21,-0.017161683075528456,5
MV,16,22,0.020906363744759737,1
MV,16,23,-0.016504946701577317,7
MV,16,24,-0.018163008275680292,4
MV,16,25,-0.004415347442268236,2
MV,16,26,-0.0038404833728818977,4
MV,16,27,0.01579883225952905,3
MV,16,28,0.026124514478915284,1
MV,16,29,0.011080639224676725,3
MV,16,30,-0.011533262114371001,7
MV,16,31,0.014472072424169147,1
MV,16,32,0.0018956174141254722,3
MV,16,33,-0.005549916531260024,5
MV,16,34,0.011137497089688253,1
MV,16,35,0.021535738735203758,2
MV,16,36,-0.016378621295982998,4
MV,16,37,0.02752210381022102,1
MV,16,38,-0.00819157121518077,4
MV,16,39,-0.03203535166289484,8
MV,16,40,0.019697258941163587,2
MV,16,41,0.0015000365590052134,3
MV,16,42,-0.006179387648660661,6
MV,16,43,-0.011357769004506135,5
MV,16,44,-0.008074575011011054,4
MV,16,45,-0.00217225214798189,5
MV,16,46,-0.015370357314439587,7
MV,16,47,0.005550615939152848,2
MV,16,48,0.00040273584077543667,4
MV,16,49,0.019702211712249285,2
MV,16,50,-0.002614816778286899,4
MV,16,51,0.01291645771517902,3
MV,16,52,0.0015959284504418747,4
MV,16,53,-0.002943259326030012,5
MV,16,54,-0.006847091339462041,3
MV,16,55,0.017278358218778433,1
MV,16,56,-0.009215888214298307,6
MV,16,57,0.02743611344274699,0
MV,16,58,0.014601489712906757,0
MV,16,59,0.004338348165444872,4
MV,16,60,0.015566196073904637,2
MV,16,61,-0.002173994804952173,4
MV,16,62,0.02512656300730609,2
MV,16,63,0.0013569207390851101,2
MV,16,64,-0.0069956625433413855,5
MV,16,65,0.009473808423772545,3
MV,16,66,0.020422635629780528,0
MV,16,67,0.005014080204250537,2
MV,16,68,-0.012247929526011059,4
MV,16,69,0.01466873034779903,2
MV,16,70,0.03959841952281573,1
MV,16,71,0.014395697927638063,3
MV,16,72,0.01842376490929143,3
MV,16,73,0.00877533235736705,3
MV,16,74,-0.005865059191455302,4
MV,16,75,-0.0017659624204241497,5
MV,16,76,-0.004430578046665579,5
MV,16,77,0.02805264177610567,1
MV,16,78,0.029624705584713418,0
MV,16,79,0.028247067813432447,1
MV,16,80,-0.007438494536552431,6
MV,16,81,0.01602091432315178,4
MV,16,82,-0.004258590172358634,3
MV,16,83,-0.004185598462948192,4
MV,16,84,0.010588580212086085,0
MV,16,85,0.003662865447394248,1
MV,16,86,0.013219579872820297,2
MV,16,87,0.0247272507281584,1
MV,16,88,-0.031283883449167216,6
MV,16,89,0.004638505165599605,2
MV,16,90,0.010435124536202878,2
MV,16,91,0.00016099264358160337,5
MV,16,92,0.018060351821154286,2
MV,16,93,0.012173797426940358,2
MV,16,94,0.012988406749734116,3
MV,16,95,-0.011538330626492233,6
MV,16,96,-0.01362259612767358,6
MV,16,97,-0.013221177947580043,6
MV,16,98,-0.01564087981469997,6
MV,16,99,-0.003987993106704724,6
MV,22,0,0.021358670322673023,1
MV,22,1,0.014967397637552504,0
MV,22,2,0.010621927966408928,4
MV,22,3,-0.009424849839878235,8
MV,22,4,0.008555079744028915,5
MV,22,5,-0.003083433549559089,6
MV,22,6,-0.0021350929125223406,5
MV,22,7,-0.022749552445526344,8
MV,22,8,0.010795025539664604,1
MV,22,9,-0.021082796327226094,5
MV,22,10,0.005201406685735543,2
MV,22,11,0.00018278904331758827,4
MV,22,12,0.009776681737849069,0
MV,22,13,0.008877465884612579,2
MV,22,14,0.0021678660745545475,4
MV,22,15,0.004339588618733514,4
MV,22,16,0.011932614228242544,1
MV,22,17,0.01510700326989245,1
MV,22,18,0.0267659883184016,0
MV,22,19,0.001803196556937281,4
MV,22,20,0.005014064850894395,3
MV,22,21,-0.010244371223773752,6
MV,22,22,-0.005663236689733342,6
MV,22,23,-0.01648375973918559,8
MV,22,24,0.007278814996556582,5
MV,22,25,0.0065863540511420515,2
MV,22,26,0.008010829005485331,2
MV,22,27,-0.010144774107346377,5
MV,22,28,-0.0030582132324051825,4
MV,22,29,0.009274132058564755,4
MV,22,30,0.0068283875682330075,2
MV,22,31,0.024568091270335324,4
MV,22,32,-0.0027146106120590208,4
MV,22,33,0.004517419827977598,3
MV,22,34,0.00805042983938975,3
MV,22,35,-0.004163562220634076,4
MV,22,36,0.006193523884514995,3
MV,22,37,0.014338853958827391,2
MV,22,38,0.0010818570255934912,3
MV,22,39,-0.0010716820626925916,4
MV,22,40,0.004582099072509616,1
MV,22,41,0.026456170478951213,1
MV,22,42,0.01500797209932847,1
MV,22,43,0.00651600634735916,4
MV,22,44,0.004837525097621254,2
MV,22,45,0.013099508048461606,2
MV,22,46,-0.0013708259552390745,4
MV,22,47,-0.007747856915479079,6
MV,22,48,-0.0022746067959059646,5
MV,22,49,0.005240346734517454,4
MV,22,50,-0.016572680142937557,8
MV,22,51,0.006670369704309453,3
MV,22,52,0.0008456701950505519,3
MV,22,53,-0.010420878096655373,7
MV,22,54,-0.013136686587999935,5
MV,22,55,0.012321296469215315,3
MV,22,56,0.01781499308190948,3
MV,22,57,-0.006984425687367124,5
MV,22,58,0.01600443765970183,1
MV,22,59,0.004100903320006233,3
MV,22,60,0.00625742595713874,2
MV,22,61,0.015219836374059437,2
MV,22,62,-0.0016213769989650295,3
MV,22,63,0.010026304572973488,1
MV,22,64,0.0028170642930450684,4
MV,22,65,0.007523582176988897,0
MV,22,66,0.004896826999483683,2
MV,22,67,0.0005513330551165652,4
MV,22,68,0.021484653978203316,1
MV,22,69,0.004929728340181683,3
MV,22,70,0.003432844206918584,2
MV,22,71,0.005889941669236842,2
MV,22,72,0.010062003105232198,1
MV,22,73,0.022255548044053497,0
MV,22,74,0.008397724692668196,2
MV,22,75,-0.00610653567420083,6
MV,22,76,-0.008724856739066755,5
MV,22,77,-0.00671988950912894,6
MV,22,78,0.02914659587402635,1
MV,22,79,0.003959087519317728,4
MV,22,80,0.013566985085804895,3
MV,22,81,0.015054199949540048,1
MV,22,82,-0.011383888242487372,6
MV,22,83,-0.0012573580834739362,5
MV,22,84,0.004562791025955915,3
MV,22,85,-0.002350484820883958,4
MV,22,86,-0.0003903256871666816,3
MV,22,87,0.014413901494567005,2
MV,22,88,-0.0006488893194867007,4
MV,22,89,-0.012875741409599462,8
MV,22,90,0.004613912229513462,3
MV,22,91,0.009821474061229574,4
MV,22,92,-0.01766057022383094,7
MV,22,93,0.010439780146877298,2
MV,22,94,-0.016153934822270344,4
MV,22,95,-0.004574440588197892,4
MV,22,96,0.005481457761485342,2
MV,22,97,0.0010487180282219288,4
MV,22,98,0.017467676633938778,2
MV,22,99,-0.0007878396854655856,3
MV,30,0,-0.0031819024159199794,4
MV,30,1,-0.0006232883467048866,3
MV,30,2,-0.006295323995315294,5
MV,30,3,-0.014991040370384567,4
MV,30,4,0.008780898786677427,1
MV,30,5,-0.005335776467111031,4
MV,30,6,-0.005008867738808931,3
MV,30,7,0.0036616304698383617,4
MV,30,8,-0.004330682916649176,4
MV,30,9,0.00253062004428406,1
MV,30,10,0.011327030181343067,2
MV,30,11,-0.010721175361987134,7
MV,30,12,-0.004517298829039396,6
MV,30,13,-0.0007712109636298647,6
MV,30,14,-0.0019720392318679503,6
MV,30,15,0.002115046436685919,3
MV,30,16,-0.003975380502511006,7
MV,30,17,0.0035808101705848694,4
MV,30,18,-0.0017630075390882016,5
MV,30,19,-0.006062931878192068,7
MV,30,20,-0.0037857652476930292,5
MV,30,21,-0.005723051403386137,5
MV,30,22,-0.01087028065460005,4
MV,30,23,0.002563909799785713,4
MV,30,24,0.008791290654936668,5
MV,30,25,0.0009507348817539008,5
MV,30,26,-0.014349235330394894,6
MV,30,27,-0.006407463743845154,7
MV,30,28,0.003090337748082539,3
MV,30,29,0.005900972214341826,2
MV,30,30,0.01806515156727273,0
MV,30,31,0.017187186107014862,3
MV,30,32,0.009608753232783873,3
MV,30,33,0.006709312108570065,3
MV,30,34,0.01059594477271919,5
MV,30,35,0.005934694126432105,1
MV,30,36,0.008609248357088206,0
MV,30,37,0.010272292483585854,1
MV,30,38,0.0023287568532808223,3
MV,30,39,0.002335546222661411,3
MV,30,40,0.004482552211320101,3
MV,30,41,0.0014940789278823363,5
MV,30,42,-0.0006115974113274358,3
MV,30,43,-0.007727654504950832,5
MV,30,44,0.003817728114583585,3
MV,30,45,0.008998695982897043,1
MV,30,46,0.007025438810999485,2
MV,30,47,0.004505090443859827,4
MV,30,48,0.0031804230040209935,2
MV,30,49,-0.0012126754461260214,4
MV,30,50,-0.0003864712861358921,3
MV,30,51,0.005477706595769627,3
MV,30,52,-0.002254636971513291,5
MV,30,53,0.0009899764433307645,4
MV,30,54,0.00020465715820572328,3
MV,30,55,0.003438050572139084,3
MV,30,56,0.0038081618871811385,2
MV,30,57,0.0038727908670250777,5
MV,30,58,-0.0062978009896444975,4
MV,30,59,0.014640675107491008,3
MV,30,60,0.006529094807525837,1
MV,30,61,0.009680992107402253,4
MV,30,62,0.011647636750764412,2
MV,30,63,0.003947621009583235,3
MV,30,64,0.008897531445649198,2
MV,30,65,0.004711544387846045,1
MV,30,66,0.0034983157739016946,0
MV,30,67,-0.0035051511811303726,6
MV,30,68,0.01009620759013441,2
MV,30,69,-0.005967254121121868,5
MV,30,70,0.0046760763516332515,2
MV,30,71,-0.00213309378281612,6
MV,30,72,0.008397499532121766,2
MV,30,73,-0.0050805361704137075,6
MV,30,74,0.018862311019838263,0
MV,30,75,0.0035350884949789663,4
MV,30,76,-0.0027270582437516344,5
MV,30,77,0.008380913533744483,2
MV,30,78,-0.0034536033240593067,3
MV,30,79,0.0064763036987903755,1
MV,30,80,0.0045316098366222635,4
MV,30,81,-0.017420212903808907,7
MV,30,82,0.012484358833137366,2
MV,30,83,0.0006986539588020868,4
MV,30,84,0.007173474583642925,1
MV,30,85,-0.006164696578664364,6
MV,30,86,-0.00898666765966094,5
MV,30,87,0.01257636894686398,2
MV,30,88,0.01278061632881422,2
MV,30,89,-0.006479172023118651,6
MV,30,90,0.009038599949880877,1
MV,30,91,-0.01570389770978131,5
MV,30,92,-0.003746898910566898,3
MV,30,93,-0.011238392561712884,7
MV,30,94,0.006540700420575196,2
MV,30,95,0.0016954839104914576,4
MV,30,96,0.004970737230880706,2
MV,30,97,0.01294279224203676,1
MV,30,98,-0.005068508734094257,2
MV,30,99,0.010745162602279201,2
MV,40,0,0.004208535195031171,2
MV,40,1,0.005467779120826299,3
MV,40,2,0.0012406399208864105,3
MV,40,3,-0.0001997021483517436,5
MV,40,4,0.0025430842044200652,2
MV,40,5,-0.005738880246317635,5
MV,40,6,0.004110528991106643,2
MV,40,7,-0.006588914597861151,8
MV,40,8,-0.0010735571632495278,5
MV,40,9,-0.0027604436727015624,5
MV,40,10,0.004468016679615383,2
MV,40,11,-0.005065587116190762,8
MV,40,12,-0.0038250970334080536,6
MV,40,13,0.002894227534279148,2
MV,40,14,0.0032951675935481983,2
MV,40,15,-0.001420069371860344,5
MV,40,16,-0.00020245632874393849,3
MV,40,17,0.00932454304314878,0
MV,40,18,-0.00516559359654345,8
MV,40,19,0.007225472666940402,1
MV,40,20,-0.004209195099364238,4
MV,40,21,0.0002265631192459594,5
MV,40,22,0.00898543799902618,1
MV,40,23,0.006759748069655402,2
MV,40,24,0.0063581756029590375,1
MV,40,25,0.004058259830206357,1
MV,40,26,-0.0018605141117149504,4
MV,40,27,0.0036254512672584394,3
MV,40,28,-0.004271535278262184,3
MV,40,29,-0.0026003833152679068,7
MV,40,30,-0.0001772818883750693,6
MV,40,31,0.004177324838528285,1
MV,40,32,0.0040176312995506835,1
MV,40,33,0.004366837072320884,2
MV,40,34,-0.0013133203749795541,4
MV,40,35,-0.00327726610710366,6
MV,40,36,-0.00036684112040219485,4
MV,40,37,0.0027020142593697782,4
MV,40,38,0.005560639268985201,0
MV,40,39,0.007222154448602636,2
MV,40,40,-0.00010494528519477964,3
MV,40,41,0.010163012205992805,1
MV,40,42,0.005190344846563444,3
MV,40,43,0.005197305532230412,1
MV,40,44,0.004773527794711296,2
MV,40,45,-0.004701938139793471,6
MV,40,46,-0.0031843186808091506,5
MV,40,47,-0.006148465553368898,5
MV,40,48,-0.004311438562907055,7
MV,40,49,-0.006264387817434991,7
MV,40,50,0.009197728278733441,2
MV,40,51,-0.0028661217201242373,5
MV,40,52,-0.009677049989282316,7
MV,40,53,0.007220475986433383,3
MV,40,54,-0.006231736913195007,5
MV,40,55,0.0006509375963178465,4
MV,40,56,-0.004819987332850828,6
MV,40,57,0.002683289695026625,3
MV,40,58,-0.008268569173850437,7
MV,40,59,0.004721876183883644,1
MV,40,60,0.00019326531497065869,2
MV,40,61,-0.00046260007418086335,3
MV,40,62,0.0062526676824601335,2
MV,40,63,0.0025853004518154865,1
MV,40,64,-0.003558764027328354,4
MV,40,65,0.004110070537952648,2
MV,40,66,-0.001686610819967238,7
MV,40,67,0.00434015891222872,3
MV,40,68,-0.0007864669700669014,6
MV,40,69,0.00248637549378683,5
MV,40,70,0.005760991297144913,1
MV,40,71,0.0046042990419231655,2
MV,40,72,-0.0019689010661563255,5
MV,40,73,0.004312616527277657,3
MV,40,74,0.0042001254804522326,1
MV,40,75,0.0007540847160274478,3
MV,40,76,0.0006867757750562697,3
MV,40,77,0.00790313073040294,3
MV,40,78,0.002355103865532171,3
MV,40,79,-0.002379884934097576,5
MV,40,80,9.295341333692697e-05,4
MV,40,81,-0.00236205083582286,3
MV,40,82,0.002814883728762818,4
MV,40,83,-0.006185626507007269,6
MV,40,84,-0.0027302630370277248,6
MV,40,85,0.004082858740804496,3
MV,40,86,-0.010442075668615547,7
MV,40,87,0.003754283534689651,2
MV,40,88,-0.0036553194811207446,5
MV,40,89,0.003766668925836325,1
MV,40,90,-0.0038460268285261945,5
MV,40,91,0.003026772653864418,2
MV,40,92,0.0003768453351644663,3
MV,40,93,-0.003953226871470705,5
MV,40,94,-0.003207184044438538,5
MV,40,95,-0.0017629697585128667,3
MV,40,96,-0.0033887312883612575,7
MV,40,97,0.005938584181620965,2
MV,40,98,0.006775798583588455,3
MV,40,99,0.0015734500503578053,2
MV,50,0,0.0,0
MV,50,0,0.0,0
