family,k,rep,gain,wins
MV,1,0,-1.1102230246251565e-16,2
MV,1,1,-0.057229570834955834,5
MV,1,2,-0.08209381309960184,5
MV,1,3,0.0023885143138001608,5
MV,1,4,-0.04659419199328885,6
MV,1,5,-0.031224164872829863,6
MV,1,6,0.0012112396372134793,2
MV,1,7,0.0023885143138001608,5
MV,1,8,-0.06662371138604395,6
MV,1,9,-0.07004268000508784,6
MV,1,10,-0.01457459446307674,5
MV,1,11,0.001816551707524261,4
MV,1,12,0.0693223191620631,3
MV,1,13,0.0012112396372134793,2
MV,1,14,-0.06662371138604395,6
MV,1,15,-0.06923380892771425,6
MV,1,16,-0.05187967753035061,5
MV,1,17,-0.06487743948720703,5
MV,1,18,-0.051435370711351625,6
MV,1,19,-0.04659419199328885,6
MV,1,20,-0.01457459446307674,5
MV,1,21,-0.08209381309960184,5
MV,1,22,0.0012112396372134793,2
MV,1,23,-0.06327081993880712,5
MV,1,24,-1.1102230246251565e-16,2
MV,1,25,0.01392041839330993,4
MV,1,26,0.0050272214483952915,4
MV,1,27,-0.061663413086056273,5
MV,1,28,-0.053375887108961684,6
MV,1,29,-0.07004268000508784,6
MV,1,30,-0.053375887108961684,6
MV,1,31,0.0050272214483952915,4
MV,1,32,-1.1102230246251565e-16,2
MV,1,33,-0.053375887108961684,6
MV,1,34,-0.05756458322560798,6
MV,1,35,-0.06923380892771425,6
MV,1,36,-1.1102230246251565e-16,2
MV,1,37,-0.0022937814321450922,4
MV,1,38,-0.057229570834955834,5
MV,1,39,0.0693223191620631,3
MV,1,40,-0.005499079476626423,6
MV,1,41,-0.08209381309960184,5
MV,1,42,0.013501587128026182,4
MV,1,43,-0.06451729299885123,6
MV,1,44,-0.06852060833789386,6
MV,1,45,-0.06852060833789386,6
MV,1,46,-0.04912535430216358,6
MV,1,47,-1.1102230246251565e-16,2
MV,1,48,-0.08209381309960184,5
MV,1,49,-1.1102230246251565e-16,2
MV,1,50,-0.051435370711351625,6
MV,1,51,-0.06340997874343557,5
MV,1,52,-0.06451729299885123,6
MV,1,53,-0.06487743948720703,5
MV,1,54,0.002660309204785327,5
MV,1,55,0.0693223191620631,3
MV,1,56,-0.06340997874343557,5
MV,1,57,-0.002415621493529585,5
MV,1,58,0.01392041839330993,4
MV,1,59,-1.1102230246251565e-16,2
MV,1,60,0.001816551707524261,4
MV,1,61,-0.057229570834955834,5
MV,1,62,-0.06451729299885123,6
MV,1,63,-0.04912535430216358,6
MV,1,64,0.001816551707524261,4
MV,1,65,0.007728058618099332,4
MV,1,66,0.0050272214483952915,4
MV,1,67,-0.028990881741904784,5
MV,1,68,-0.06052892769915674,6
MV,1,69,-0.0421054270569845,6
MV,1,70,-0.028990881741904784,5
MV,1,71,-1.1102230246251565e-16,2
MV,1,72,0.001816551707524261,4
MV,1,73,-0.04659419199328885,6
MV,1,74,0.0060538389671705994,4
MV,1,75,-0.06327081993880712,5
MV,1,76,-0.01457459446307674,5
MV,1,77,0.0050272214483952915,4
MV,1,78,-0.06052892769915674,6
MV,1,79,0.013501587128026182,4
MV,1,80,0.0050272214483952915,4
MV,1,81,-0.05187967753035061,5
MV,1,82,-0.028990881741904784,5
MV,1,83,0.0021959271535955116,4
MV,1,84,-0.0022937814321450922,4
MV,1,85,0.009461128818938902,3
MV,1,86,-1.1102230246251565e-16,2
MV,1,87,0.0693223191620631,3
MV,1,88,0.006378605176043162,5
MV,1,89,0.0012112396372134793,2
MV,1,90,0.009461128818938902,3
MV,1,91,-0.057229570834955834,5
MV,1,92,-0.06231606087760655,5
MV,1,93,-0.057229570834955834,5
MV,1,94,-1.1102230246251565e-16,2
MV,1,95,-0.08209381309960184,5
MV,1,96,-0.002355096165292836,6
MV,1,97,-0.031224164872829863,6
MV,1,98,-0.06487743948720703,5
MV,1,99,-1.1102230246251565e-16,2
MV,2,0,0.030495147297445846,4
MV,2,1,-0.013097542567294562,4
MV,2,2,-0.05332413151667359,6
MV,2,3,0.0008117212677959396,4
MV,2,4,-0.00023524314554035364,5
MV,2,5,0.005272067144434733,4
MV,2,6,-0.0550311643799678,6
MV,2,7,0.06902182889432551,3
MV,2,8,-0.03852928077086504,5
MV,2,9,-0.06445433017309488,6
MV,2,10,-0.056757515393212166,6
MV,2,11,0.007681460517988459,4
MV,2,12,0.0006252484947891768,2
MV,2,13,0.0030377732334724294,4
MV,2,14,-0.06780402929173168,6
MV,2,15,-0.056051224188966686,5
MV,2,16,0.06720764246131494,3
MV,2,17,-0.06804312149707004,6
MV,2,18,0.003420293121062401,4
MV,2,19,-1.1102230246251565e-16,2
MV,2,20,-0.0562662860134292,5
MV,2,21,-0.07567283413506776,6
MV,2,22,0.0019739658779563962,5
MV,2,23,-0.05894392649854574,6
MV,2,24,-0.06213771774274002,5
MV,2,25,0.004735999116717515,6
MV,2,26,-0.08138520863352783,5
MV,2,27,-0.07979465983524525,5
MV,2,28,-0.0682309168573616,6
MV,2,29,0.012056357476677548,4
MV,2,30,-0.05570100196375127,6
MV,2,31,-0.061303340129439166,6
MV,2,32,-0.08692516243126558,6
MV,2,33,-0.04742512270978139,5
MV,2,34,-0.02767486427030219,6
MV,2,35,-0.05798692451344334,6
MV,2,36,-0.04650450015594665,6
MV,2,37,0.013458491095851066,4
MV,2,38,0.0019954793260201775,4
MV,2,39,0.014477403985603376,4
MV,2,40,-0.059257313838160686,6
MV,2,41,0.015348122488469396,4
MV,2,42,-0.02387558858538963,5
MV,2,43,-0.024828297321084936,6
MV,2,44,-0.05392580017108961,6
MV,2,45,-0.056972298249785,6
MV,2,46,0.0623143000157631,3
MV,2,47,0.0623143000157631,3
MV,2,48,-0.0462350281394589,5
MV,2,49,-0.055854056231306015,6
MV,2,50,-0.0023520110574765107,5
MV,2,51,-0.043608689219256425,6
MV,2,52,-0.06431667582298861,6
MV,2,53,-0.05896080160444972,6
MV,2,54,0.06265212886677185,4
MV,2,55,0.0030377732334724294,4
MV,2,56,-0.05985707370935045,6
MV,2,57,-0.06553418141269995,5
MV,2,58,0.01273656967610537,4
MV,2,59,-0.056536152590948796,5
MV,2,60,-0.06166403406512233,6
MV,2,61,0.0590858615932387,4
MV,2,62,-0.06985512790128634,6
MV,2,63,-0.01155249443471662,5
MV,2,64,-0.058717360964685716,5
MV,2,65,-0.07918402998341878,5
MV,2,66,-0.025474577017194355,6
MV,2,67,-0.058651494703475526,6
MV,2,68,-0.05692201802490715,6
MV,2,69,0.0006252484947891768,2
MV,2,70,-0.05303138186308265,5
MV,2,71,0.0039458717898032125,4
MV,2,72,0.009638004666834066,4
MV,2,73,0.011138996384990718,2
MV,2,74,0.00358388589309544,4
MV,2,75,-0.039067821330980745,6
MV,2,76,-0.04697686624726172,6
MV,2,77,-0.06397605707038134,6
MV,2,78,0.009923451621257406,4
MV,2,79,-0.04264581315839233,6
MV,2,80,-0.07946459470063061,5
MV,2,81,-0.011406931367607398,5
MV,2,82,-0.06841907006278158,6
MV,2,83,-0.052323478171307114,6
MV,2,84,-0.006861448129895198,6
MV,2,85,-0.049250999081554836,6
MV,2,86,-0.05798119884567865,6
MV,2,87,-0.04640545032515664,5
MV,2,88,0.0038710867554727635,4
MV,2,89,-0.045688610480515424,6
MV,2,90,-0.06133225723089053,6
MV,2,91,-0.05073011650952908,6
MV,2,92,0.013431773587711082,4
MV,2,93,0.01892044003115323,2
MV,2,94,0.008709354162790173,4
MV,2,95,0.007942969182786364,4
MV,2,96,-0.05619270125097631,6
MV,2,97,0.001141518429347177,4
MV,2,98,-1.1102230246251565e-16,2
MV,2,99,-0.05392580017108961,6
MV,3,0,-0.06045177616192188,6
MV,3,1,-0.08657662206636718,6
MV,3,2,-0.0027299360329475775,6
MV,3,3,0.01134893440040663,4
MV,3,4,-0.018902270254952946,5
MV,3,5,-0.05007660737966102,5
MV,3,6,-0.0374634174547821,6
MV,3,7,-0.03335886490704776,5
MV,3,8,0.04357219874124996,4
MV,3,9,-0.05567533002182268,6
MV,3,10,-0.01692054540020238,5
MV,3,11,-0.023093805782540833,6
MV,3,12,0.0071830867832272105,4
MV,3,13,0.00393082495368402,4
MV,3,14,-0.04386137997264461,5
MV,3,15,-0.04608164120473701,6
MV,3,16,-0.060981080462258364,6
MV,3,17,-0.01943386652108281,5
MV,3,18,-0.07118541651300736,6
MV,3,19,-0.08752124433847064,6
MV,3,20,0.02982860741149851,2
MV,3,21,-0.05049518937792907,5
MV,3,22,-0.06774272955644633,6
MV,3,23,0.0060802435164369895,4
MV,3,24,0.008072918335083612,4
MV,3,25,-0.06703340194245977,6
MV,3,26,-0.012609278369840937,4
MV,3,27,-0.07061687830864027,5
MV,3,28,-0.031049378028614294,5
MV,3,29,0.017978529879432048,4
MV,3,30,-0.0378567222038485,5
MV,3,31,-0.021340697419616306,5
MV,3,32,0.003939009880352118,4
MV,3,33,-0.03790138469448212,6
MV,3,34,-0.02795025387699479,6
MV,3,35,-0.061573328627492985,6
MV,3,36,0.0025993383848007534,5
MV,3,37,-0.05802711176731312,6
MV,3,38,-0.03995882526313599,6
MV,3,39,-0.08433433632832288,6
MV,3,40,0.0426182773417455,3
MV,3,41,-0.07028918919786054,6
MV,3,42,0.02976195675144977,4
MV,3,43,0.005163166523537099,4
MV,3,44,-0.058404213047963505,6
MV,3,45,-0.06827728256959531,6
MV,3,46,-0.04332907656109519,5
MV,3,47,0.030362047781944512,4
MV,3,48,-0.005161140916901785,4
MV,3,49,-0.02370253367496411,5
MV,3,50,0.011458385543597793,5
MV,3,51,-0.057952704302458136,6
MV,3,52,0.0634228521309006,3
MV,3,53,0.028770474582445305,2
MV,3,54,-0.053798264834149845,6
MV,3,55,-0.04080399526185097,6
MV,3,56,0.00037275219745025456,6
MV,3,57,-0.057270060324929095,6
MV,3,58,-0.035861053818407096,4
MV,3,59,-0.016264386893198646,5
MV,3,60,0.045981054659554044,3
MV,3,61,-0.05893984307032574,6
MV,3,62,-0.055741358638148,5
MV,3,63,-0.05533106273640642,6
MV,3,64,-0.0037765815556551896,4
MV,3,65,-0.06349209162681735,6
MV,3,66,-0.020169865242203877,5
MV,3,67,0.008963471148226154,5
MV,3,68,-0.032326949908761726,6
MV,3,69,-0.026385823637802175,6
MV,3,70,-0.06031347930818931,6
MV,3,71,0.024490987545169762,4
MV,3,72,-0.05222353399123181,6
MV,3,73,-0.04164358425904535,6
MV,3,74,-0.067705323647125,6
MV,3,75,-0.03369950485345896,6
MV,3,76,-0.025793221965549673,6
MV,3,77,-0.05272562511895107,6
MV,3,78,-0.025024901247602704,5
MV,3,79,-0.012594087234050089,5
MV,3,80,-0.03812124275973727,6
MV,3,81,0.07446592799045193,2
MV,3,82,-0.007154496544022337,5
MV,3,83,-0.06923548970189974,6
MV,3,84,-0.041852089457393604,5
MV,3,85,-0.049585058631280154,6
MV,3,86,-0.04286780146537239,5
MV,3,87,-0.04889295822608397,6
MV,3,88,-0.06290179640499038,6
MV,3,89,-0.0553967805461697,6
MV,3,90,-0.052659097576916114,5
MV,3,91,-0.05099986241101029,6
MV,3,92,0.03131725781775774,4
MV,3,93,0.0697220336821821,4
MV,3,94,-0.06782499109253937,6
MV,3,95,-0.04188808840862701,6
MV,3,96,-0.037171906663773346,6
MV,3,97,-0.06384730562750096,6
MV,3,98,-0.054239707716871366,5
MV,3,99,-0.03203373061559067,6
MV,4,0,-0.03967601592500025,6
MV,4,1,-0.03986095106742116,5
MV,4,2,0.02549561838322345,4
MV,4,3,-0.053741202568689084,6
MV,4,4,-0.05781460312541509,6
MV,4,5,0.05798868815753189,4
MV,4,6,-0.03666497892168463,5
MV,4,7,-0.028908038914889467,6
MV,4,8,-0.06053750362193244,6
MV,4,9,-0.04650548027019197,6
MV,4,10,-0.07154857187864305,6
MV,4,11,-0.06353041272265925,6
MV,4,12,-0.024878743672320347,5
MV,4,13,-0.023205684967337104,5
MV,4,14,-0.02466934985747593,5
MV,4,15,-0.06370961739105396,6
MV,4,16,-0.07311074151777508,6
MV,4,17,-0.04625314377321921,6
MV,4,18,-0.02111309606371492,5
MV,4,19,-0.04023100345428443,6
MV,4,20,-0.03982543636571201,6
MV,4,21,-0.06704635092781575,6
MV,4,22,-0.06251857204328015,6
MV,4,23,-0.050606148480359825,6
MV,4,24,-0.0717703678296312,6
MV,4,25,-0.045689246173942766,5
MV,4,26,-0.015306126162923372,5
MV,4,27,0.01199711584970975,3
MV,4,28,-0.03351357863153204,5
MV,4,29,-0.013854474180385767,6
MV,4,30,-0.040310213374120996,6
MV,4,31,0.0711214456841276,3
MV,4,32,-0.026166298471569815,6
MV,4,33,-0.039222446215511186,6
MV,4,34,-0.04117734149723851,6
MV,4,35,-0.047192658197051984,6
MV,4,36,-0.04561067717801748,6
MV,4,37,-0.008221853468524332,5
MV,4,38,-0.00016045283740662164,4
MV,4,39,0.011865825733524793,4
MV,4,40,-0.05056698958006922,6
MV,4,41,-0.010926797928181187,5
MV,4,42,-0.007789607729538184,4
MV,4,43,-0.06082351056066004,6
MV,4,44,0.013113967008241634,4
MV,4,45,-0.03519570728937327,6
MV,4,46,-0.04859355211529848,6
MV,4,47,0.0020866036646663977,5
MV,4,48,-0.057805058743301885,6
MV,4,49,-0.05785619677356513,6
MV,4,50,-0.05814210675372944,6
MV,4,51,0.06408069209374512,3
MV,4,52,0.0042731700745273216,4
MV,4,53,-0.04913517538808254,6
MV,4,54,-0.06595733567583972,6
MV,4,55,-0.05847130179565385,6
MV,4,56,-0.0536703423122219,6
MV,4,57,-0.0463392111204064,6
MV,4,58,-0.0006654564739401181,3
MV,4,59,0.014803451003973955,4
MV,4,60,-0.06347584434794895,6
MV,4,61,-0.04865052810890791,6
MV,4,62,-0.05860458727962692,6
MV,4,63,0.015294822827079835,4
MV,4,64,-0.0684987695599586,5
MV,4,65,-0.04111094490048994,6
MV,4,66,0.02782356997106361,4
MV,4,67,-0.033309657772326196,5
MV,4,68,-0.06018781013961316,6
MV,4,69,-0.04704126797373431,5
MV,4,70,0.043586201256610946,4
MV,4,71,0.023067174180928296,4
MV,4,72,-0.05220540930095596,6
MV,4,73,-0.030946468750987277,6
MV,4,74,-0.06234847165787438,6
MV,4,75,-0.040565532079075206,5
MV,4,76,0.0058711130418998,5
MV,4,77,-0.000263733020963719,5
MV,4,78,-0.06479158468235868,6
MV,4,79,0.02392320848602436,4
MV,4,80,-0.049906133397286334,6
MV,4,81,-0.05180680369314172,5
MV,4,82,-0.054379324581970034,6
MV,4,83,-0.07415655735134585,5
MV,4,84,0.001280265966396521,4
MV,4,85,-1.1102230246251565e-16,2
MV,4,86,0.014812996874653761,3
MV,4,87,-0.002234216020441382,4
MV,4,88,-0.04372291589246913,6
MV,4,89,-0.0551815271037549,6
MV,4,90,-0.00835780223803928,4
MV,4,91,-0.022160731185297045,6
MV,4,92,-0.04569957182138229,6
MV,4,93,-0.046132662930553736,6
MV,4,94,-0.0288750735055453,5
MV,4,95,-0.013756094385997564,5
MV,4,96,-0.060676730017578895,6
MV,4,97,-0.07163027847154568,6
MV,4,98,-0.037904093742122336,5
MV,4,99,-0.006581398946961081,4
MV,6,0,0.0038586226931227596,5
MV,6,1,-0.03570554996296016,6
MV,6,2,0.02332703054962104,4
MV,6,3,0.006785606318268966,3
MV,6,4,-0.0321111763990265,4
MV,6,5,-0.036825702698492946,5
MV,6,6,-0.06560453888638396,6
MV,6,7,-0.005585344457853969,3
MV,6,8,0.0474729294581312,4
MV,6,9,-0.03536923610011811,6
MV,6,10,-0.019066190134710337,6
MV,6,11,-0.02780142970596078,5
MV,6,12,-0.01578503539506715,6
MV,6,13,0.03421103323917807,4
MV,6,14,-0.011916803617946448,5
MV,6,15,-0.048636531628159174,5
MV,6,16,-0.05595316659766747,6
MV,6,17,0.0022396233984840475,4
MV,6,18,-0.02818609920664472,6
MV,6,19,-0.014595248224101298,5
MV,6,20,-0.04276745809778193,6
MV,6,21,-0.07634667684200303,6
MV,6,22,-0.038165591264545995,4
MV,6,23,-0.06640581538020907,6
MV,6,24,-0.009908761391962173,6
MV,6,25,-0.024526931737601787,6
MV,6,26,-0.06334584264167831,6
MV,6,27,-0.04980673019091286,5
MV,6,28,-0.02550450466182097,5
MV,6,29,-0.04009392299452641,6
MV,6,30,-0.041741189292757386,5
MV,6,31,-0.04119050509784217,6
MV,6,32,-0.012605095409668365,5
MV,6,33,0.022376819687035754,4
MV,6,34,-0.06766363669678921,6
MV,6,35,0.005595325987802879,4
MV,6,36,-0.05655619324243499,6
MV,6,37,-0.03884615817969539,6
MV,6,38,-0.012903771867200708,5
MV,6,39,-0.04420720612098428,6
MV,6,40,0.009812123434293496,4
MV,6,41,-0.024675218039224678,5
MV,6,42,-0.06110430650985921,6
MV,6,43,-0.06319652329398551,6
MV,6,44,-0.04632800356053912,6
MV,6,45,-0.01811521184591658,5
MV,6,46,-0.07914376585153049,6
MV,6,47,-0.04154393464973172,5
MV,6,48,-0.021423560754532445,4
MV,6,49,-0.025265894033805414,5
MV,6,50,-0.0646610939618526,5
MV,6,51,-0.049616320092798705,5
MV,6,52,-0.07640395422487223,6
MV,6,53,-0.05458269346329614,6
MV,6,54,0.02994360176941302,4
MV,6,55,-0.015661778532914172,5
MV,6,56,-0.014882878048301795,6
MV,6,57,-0.06689994719983883,6
MV,6,58,0.00654408964383546,4
MV,6,59,-0.06780721821040148,6
MV,6,60,-0.05950835734034643,6
MV,6,61,-0.06554159796044268,6
MV,6,62,-0.05806237310913964,6
MV,6,63,-0.0463247469273983,6
MV,6,64,-0.04157154161478127,6
MV,6,65,-0.0061531585629807095,4
MV,6,66,-0.025803667983698153,5
MV,6,67,-0.04502410911626786,6
MV,6,68,-0.03587629157170236,6
MV,6,69,-0.0761554319684975,6
MV,6,70,0.0026931926698301467,4
MV,6,71,-0.06056984951675515,6
MV,6,72,-0.02035145810336514,4
MV,6,73,0.011969977199723814,4
MV,6,74,-0.02909895151371311,5
MV,6,75,-0.03410597504721913,6
MV,6,76,-0.01448574090545851,5
MV,6,77,-7.195402976334364e-05,3
MV,6,78,-0.004102811176320942,5
MV,6,79,-0.04160886050225299,6
MV,6,80,-0.07152989437423496,6
MV,6,81,-0.05212626720049496,6
MV,6,82,-0.03118622376959279,6
MV,6,83,-0.011485970209026752,5
MV,6,84,-0.059734505053405274,6
MV,6,85,-0.04640411452881421,6
MV,6,86,-0.041847436342038025,5
MV,6,87,-0.0502315925671416,5
MV,6,88,-0.04041852598752105,5
MV,6,89,-0.06813735413953459,6
MV,6,90,-0.040975966663658325,6
MV,6,91,-0.03627676266053681,5
MV,6,92,-0.0565308765112581,6
MV,6,93,-0.05870007187071691,5
MV,6,94,-0.05250439094256876,6
MV,6,95,-0.05337018572723473,6
MV,6,96,-0.049595219114382805,5
MV,6,97,-0.03543447520176235,6
MV,6,98,-0.06289842237149545,6
MV,6,99,-0.005836672399456733,6
MV,8,0,-0.02605541611683948,5
MV,8,1,-0.03694638148277096,6
MV,8,2,-0.005809900866989293,5
MV,8,3,0.021520750575557357,4
MV,8,4,-0.0382886525069166,6
MV,8,5,-0.07635933065348832,6
MV,8,6,-0.04056251958405033,6
MV,8,7,-0.05331083576663209,6
MV,8,8,-0.05009351554544783,6
MV,8,9,-0.05976891075221902,6
MV,8,10,-0.0591736462503899,6
MV,8,11,-0.029442127987535094,5
MV,8,12,-0.040095939402194025,5
MV,8,13,0.010460206756589985,4
MV,8,14,-0.03692417601225928,5
MV,8,15,-0.016117386415262502,6
MV,8,16,-0.033790596084229296,6
MV,8,17,-0.04113683978830329,6
MV,8,18,-0.05514548872742264,6
MV,8,19,-0.06231031053441882,6
MV,8,20,-0.0021632353685648864,5
MV,8,21,-0.07813331889921094,6
MV,8,22,-0.03445527997702258,6
MV,8,23,-0.01609463688599333,5
MV,8,24,-0.05274211088978886,6
MV,8,25,-0.004648334126117315,4
MV,8,26,-0.02944161951613189,5
MV,8,27,0.06037893415568796,3
MV,8,28,0.023710483836708485,3
MV,8,29,-0.028810751645043875,6
MV,8,30,-0.05170464707611244,6
MV,8,31,0.010316317519149076,4
MV,8,32,0.010116186994116094,4
MV,8,33,-0.04135521562137423,5
MV,8,34,-0.053509936013277914,6
MV,8,35,-0.0697432203607975,6
MV,8,36,-0.052489352146898094,6
MV,8,37,-0.01555711481614308,5
MV,8,38,0.012275471883065325,5
MV,8,39,-0.05253829442042113,6
MV,8,40,-0.035272488060796414,5
MV,8,41,-0.005063057233953061,5
MV,8,42,-0.07532277758738792,5
MV,8,43,-0.020174724077876016,5
MV,8,44,-0.020477797840202094,5
MV,8,45,-0.00839838561727202,5
MV,8,46,-0.03622776359699631,5
MV,8,47,-0.02459254345825168,5
MV,8,48,0.017170188993456237,2
MV,8,49,-0.030870646138767333,5
MV,8,50,-0.050679126074317016,6
MV,8,51,-0.020255240899259452,6
MV,8,52,-0.05551753259734915,6
MV,8,53,-0.04390659132101371,5
MV,8,54,0.0066501716786396825,4
MV,8,55,0.019665764230411997,4
MV,8,56,-0.05948504916279951,5
MV,8,57,-0.025707486899205434,4
MV,8,58,-0.07016073618753282,6
MV,8,59,-0.05946578720401463,6
MV,8,60,-0.0626577925955063,6
MV,8,61,-0.03223380689203603,6
MV,8,62,0.05131443468222685,3
MV,8,63,-0.04497613610338702,5
MV,8,64,-0.0391860257378166,5
MV,8,65,0.031674932249020626,4
MV,8,66,-0.019571781821750678,4
MV,8,67,-0.05150377279815033,6
MV,8,68,0.012589316660922334,4
MV,8,69,-0.04402754823536692,6
MV,8,70,-0.01203050784305748,5
MV,8,71,-0.04489044172651446,6
MV,8,72,-0.06534207768019773,6
MV,8,73,-0.06763699404478518,6
MV,8,74,-0.04498455217259212,5
MV,8,75,-0.04847120961387763,5
MV,8,76,0.0057448659831215165,4
MV,8,77,-0.02152644033732254,5
MV,8,78,-0.014699109728060988,5
MV,8,79,-0.010456675631840495,5
MV,8,80,-0.045448761614968025,6
MV,8,81,-0.06445363004652105,6
MV,8,82,-0.016789150283947785,5
MV,8,83,-0.06496549346818192,6
MV,8,84,-0.020481809912218374,5
MV,8,85,-0.0031044503755376374,5
MV,8,86,0.012134925130379837,4
MV,8,87,-0.06455605433543143,6
MV,8,88,-0.011155015676887925,5
MV,8,89,0.012139221324694471,4
MV,8,90,-0.004501812509893011,5
MV,8,91,-0.03304362560142793,5
MV,8,92,-0.03545465705868789,5
MV,8,93,-0.0025765745765035097,4
MV,8,94,-0.08020669585001261,6
MV,8,95,0.035281596219083555,4
MV,8,96,-0.05907615393614363,6
MV,8,97,-0.014151307169678273,5
MV,8,98,-0.03801901829200749,6
MV,8,99,0.015089152606873046,4
MV,12,0,0.023917006645611694,2
MV,12,1,0.026046290140492534,4
MV,12,2,-0.023319275945809848,5
MV,12,3,-0.0437565598004499,5
MV,12,4,-0.040456602893212845,5
MV,12,5,-0.06554796674395746,6
MV,12,6,-0.026428858651504128,6
MV,12,7,-0.015399415889687962,6
MV,12,8,-0.04825128029942083,5
MV,12,9,-0.07788232224804004,6
MV,12,10,-0.0453574265585488,5
MV,12,11,-0.048455601174801854,5
MV,12,12,-0.026719518277128262,5
MV,12,13,-0.02323424070061242,5
MV,12,14,-0.023988125054920206,5
MV,12,15,-0.06408733488930385,6
MV,12,16,-0.03498450647780804,5
MV,12,17,0.03483211117875229,3
MV,12,18,-0.035645513282182906,5
MV,12,19,-0.04655889589317452,6
MV,12,20,-0.04644944599046208,5
MV,12,21,-0.025243617635220983,5
MV,12,22,-0.019993746128155077,5
MV,12,23,-0.024565803064102276,5
MV,12,24,-0.07241252964586575,6
MV,12,25,0.00226837600455021,5
MV,12,26,-0.016421767963577416,6
MV,12,27,-0.05558021301809768,6
MV,12,28,-0.00829346458193847,4
MV,12,29,-0.06758682163323237,6
MV,12,30,-0.05586426671472666,6
MV,12,31,0.020518568196839393,3
MV,12,32,0.033820846966192364,4
MV,12,33,-0.004973504393860018,5
MV,12,34,-0.0496111219032489,6
MV,12,35,-0.03974166268624246,5
MV,12,36,-0.07931160299888151,6
MV,12,37,-0.005594669866920476,6
MV,12,38,0.008449938930825907,4
MV,12,39,-0.04415437275229028,5
MV,12,40,0.015516276663457562,4
MV,12,41,-0.02459867895736001,5
MV,12,42,-0.000788402359245044,4
MV,12,43,-0.03518850519368655,5
MV,12,44,0.019490700303025577,3
MV,12,45,-0.03533194193807998,5
MV,12,46,-0.03580836580785485,6
MV,12,47,-0.0276166878696682,5
MV,12,48,-0.039284618203211163,5
MV,12,49,0.003704521542895245,4
MV,12,50,-0.06536679358788,6
MV,12,51,-0.0312528534013522,5
MV,12,52,-0.07124905465823939,6
MV,12,53,0.024198910976493626,3
MV,12,54,-0.061282128200806474,6
MV,12,55,0.004609542444978021,4
MV,12,56,0.012353993016964049,4
MV,12,57,-0.04548130154864838,6
MV,12,58,0.012243130288128734,4
MV,12,59,-0.025209457824804105,5
MV,12,60,-0.05713337580573541,6
MV,12,61,-0.04833566918845367,6
MV,12,62,-0.04305774336102752,5
MV,12,63,0.03169264292844631,4
MV,12,64,0.007877003015158923,4
MV,12,65,-0.024287950057918284,5
MV,12,66,0.009252731154578475,4
MV,12,67,-0.006545000713124138,5
MV,12,68,-0.026778575410574934,6
MV,12,69,-0.01259664669048588,5
MV,12,70,0.003995174062708218,4
MV,12,71,-0.033706536934867026,5
MV,12,72,-0.028986608295977434,6
MV,12,73,-0.0555186995264173,6
MV,12,74,-0.05253139613987967,5
MV,12,75,-0.0015755876397097746,4
MV,12,76,-0.06106731584353131,6
MV,12,77,0.020728548083709275,4
MV,12,78,0.015897006942040548,4
MV,12,79,-0.03684244475543441,5
MV,12,80,-0.054901958652805005,6
MV,12,81,-0.01590569504205841,5
MV,12,82,-0.07020175284407881,6
MV,12,83,-0.012089783426610712,4
MV,12,84,-0.07672837156914936,6
MV,12,85,-0.002013537597535975,5
MV,12,86,-0.05424734511061402,6
MV,12,87,-0.06236668133363188,6
MV,12,88,-0.04329726042948345,6
MV,12,89,-0.016508467614396616,5
MV,12,90,-0.03634159099815859,5
MV,12,91,-0.050218628642443086,6
MV,12,92,0.02420528672831146,3
MV,12,93,-0.055797402434585086,6
MV,12,94,-0.051767607509678126,6
MV,12,95,-0.012742091581222081,5
MV,12,96,-0.0014261918563512888,4
MV,12,97,0.005058009846394262,3
MV,12,98,-0.046840872454958826,5
MV,12,99,-0.03954016735858934,6
MV,16,0,0.013899641807037066,4
MV,16,1,-0.003364044865999727,5
MV,16,2,-0.018890796030831547,4
MV,16,3,0.011314316598712626,4
MV,16,4,-0.013864930749723836,6
MV,16,5,0.007988226798835263,4
MV,16,6,-0.03509021854562677,5
MV,16,7,0.006711756039349481,4
MV,16,8,-0.031297217106766584,5
MV,16,9,-0.05887361681314618,6
MV,16,10,-0.05439014023572686,6
MV,16,11,-0.06174948971756766,6
MV,16,12,-0.032912748767569,5
MV,16,13,-0.0300255688949852,5
MV,16,14,-0.02451619559271523,5
MV,16,15,-0.010941969401264129,5
MV,16,16,-0.04799234730699853,6
MV,16,17,-0.0134784093591791,5
MV,16,18,-0.05251370217467377,6
MV,16,19,-2.7706190179332957e-05,5
MV,16,20,-0.035245105769049934,5
MV,16,21,0.008622657285405455,4
MV,16,22,-0.0064049451040718575,5
MV,16,23,-0.05889897387688314,6
MV,16,24,0.02378987942966826,3
MV,16,25,-0.0652348258126556,6
MV,16,26,-0.05353546319636715,6
MV,16,27,-0.005987886992933733,4
MV,16,28,-0.005417813281105244,5
MV,16,29,-0.027568642268315346,5
MV,16,30,-0.03715726108545214,6
MV,16,31,-0.04584167592450905,6
MV,16,32,-0.014506871127071608,5
MV,16,33,0.007917586005603883,4
MV,16,34,-0.0683680587307306,6
MV,16,35,0.039756379207199655,3
MV,16,36,-0.019746416546600698,5
MV,16,37,-0.0755328095055553,6
MV,16,38,0.04952365697189787,3
MV,16,39,-0.045540843203704884,6
MV,16,40,-0.013617906193054807,5
MV,16,41,-0.002992888120517123,4
MV,16,42,-0.006539541829509887,5
MV,16,43,0.030860504120096888,4
MV,16,44,0.00014502463582988234,4
MV,16,45,-0.044633708742894074,5
MV,16,46,-0.01655994218405088,4
MV,16,47,-0.004605616533058243,5
MV,16,48,-0.010997196327061642,5
MV,16,49,-0.020962918125710273,4
MV,16,50,-0.025496521558317387,5
MV,16,51,-0.08759444781049408,6
MV,16,52,0.03214969964483316,3
MV,16,53,-0.019779767020338457,4
MV,16,54,-0.006292561185638923,5
MV,16,55,-0.01562658107940962,6
MV,16,56,-0.0658943480631391,6
MV,16,57,-0.016021743482553807,5
MV,16,58,-0.0429856542777719,6
MV,16,59,-0.03560330411669732,5
MV,16,60,-0.06248451983882819,6
MV,16,61,-0.038962409424525446,5
MV,16,62,0.01926638065534214,3
MV,16,63,-0.06967307778223375,6
MV,16,64,0.011029070505828797,4
MV,16,65,0.009895176899024527,4
MV,16,66,-0.04172962263482205,6
MV,16,67,0.015905699865723988,4
MV,16,68,-0.03370099852364883,5
MV,16,69,-0.03274260788564587,5
MV,16,70,-0.054139924057499345,6
MV,16,71,-0.03804456924102928,5
MV,16,72,-0.0011639907869971378,5
MV,16,73,-0.020520224780942398,5
MV,16,74,-0.038715544334995355,5
MV,16,75,-0.024834889934552073,5
MV,16,76,-0.00516310658030783,5
MV,16,77,-0.02573993165434829,5
MV,16,78,-0.05814283807457876,6
MV,16,79,0.04058290226762673,4
MV,16,80,-0.029305943903963794,5
MV,16,81,0.031159824773459577,4
MV,16,82,0.03706635411780723,3
MV,16,83,0.0004168154074203345,4
MV,16,84,-0.03470591600297901,5
MV,16,85,-0.02407243655734348,4
MV,16,86,-0.023451281441856264,5
MV,16,87,-0.023307536821928765,5
MV,16,88,-0.038288893257016676,5
MV,16,89,-0.018414675691226234,5
MV,16,90,-0.00508771203880054,5
MV,16,91,-0.06390280419202576,6
MV,16,92,-0.055858087963733705,6
MV,16,93,-0.005258312518095165,5
MV,16,94,-0.035500115761414985,5
MV,16,95,-0.0634370908501175,6
MV,16,96,-0.04591737414982777,5
MV,16,97,-0.03938585803069561,5
MV,16,98,-0.028540134173565046,4
MV,16,99,-0.03255580008628478,5
MV,20,0,-0.023541887782152382,5
MV,20,1,-0.01931696830957752,4
MV,20,2,-0.004165545131936899,4
MV,20,3,0.028779398672418854,4
MV,20,4,0.0011052931146148248,5
MV,20,5,0.017321908675103304,4
MV,20,6,0.0006196225112883313,5
MV,20,7,-0.05985492055096597,6
MV,20,8,-0.05611311358024751,5
MV,20,9,-0.0007786911167724231,4
MV,20,10,-0.007782482183650186,5
MV,20,11,-0.018594670553749082,5
MV,20,12,-0.03452704254366845,5
MV,20,13,0.00041679204840439077,4
MV,20,14,-0.009479969562163792,5
MV,20,15,-0.021673003976361183,5
MV,20,16,0.04206759972235097,3
MV,20,17,-0.0163465805106493,4
MV,20,18,-0.06483081143963676,6
MV,20,19,-0.004139196492993991,5
MV,20,20,0.006085596759862089,4
MV,20,21,-0.0734059752503321,6
MV,20,22,-0.009489909573622946,4
MV,20,23,-0.004250909514610823,5
MV,20,24,0.012898059968756592,4
MV,20,25,0.019719901755564706,4
MV,20,26,0.003850696940508991,4
MV,20,27,0.019278986675770327,4
MV,20,28,-0.032684848002010325,4
MV,20,29,-0.03839365213846124,5
MV,20,30,-0.04231264392078382,6
MV,20,31,-0.05241087154231672,6
MV,20,32,-0.031152958216711157,4
MV,20,33,0.027805837208216833,3
MV,20,34,0.004856897431014362,4
MV,20,35,-0.009350627774203923,4
MV,20,36,0.05190546737307877,3
MV,20,37,-0.058046105685506943,6
MV,20,38,-0.013956517854971207,5
MV,20,39,-0.0007500336206495151,4
MV,20,40,-0.042780565581150176,5
MV,20,41,-0.042064187423193955,6
MV,20,42,-0.009098654664385197,5
MV,20,43,-0.059362722231852016,6
MV,20,44,-0.018875664250335822,4
MV,20,45,-0.008015879440447016,4
MV,20,46,-0.0397150772984326,5
MV,20,47,-0.037218765687577426,5
MV,20,48,-0.0003482373046250764,4
MV,20,49,-0.03625807029946593,5
MV,20,50,-0.008792076631696899,5
MV,20,51,-0.0234673458536806,5
MV,20,52,-0.0215473306288414,5
MV,20,53,-0.03186770072816458,5
MV,20,54,-0.03933654713900625,5
MV,20,55,0.005596750580860732,3
MV,20,56,-0.013648399214419848,5
MV,20,57,-0.03173120172098809,5
MV,20,58,0.03454879269478539,4
MV,20,59,0.00023860326898172968,4
MV,20,60,-0.008340466345436948,5
MV,20,61,0.0028948624345439544,4
MV,20,62,-0.06775966450524651,6
MV,20,63,-0.03689091508393516,5
MV,20,64,0.02086083613188361,3
MV,20,65,-0.034154979029850985,5
MV,20,66,0.010558995597382714,4
MV,20,67,0.0075040388979659145,4
MV,20,68,-0.010533843060000603,5
MV,20,69,0.0033814790798395444,5
MV,20,70,0.0032892921198550695,4
MV,20,71,-0.020054827692510102,4
MV,20,72,-0.018616640139241136,5
MV,20,73,-0.06999732187163965,6
MV,20,74,-0.0506652494122386,6
MV,20,75,0.003587155887631477,4
MV,20,76,-0.038986601286357114,5
MV,20,77,0.00588056250729907,3
MV,20,78,-0.0453971850133803,6
MV,20,79,0.008383149998149153,4
MV,20,80,-0.013693951557742334,5
MV,20,81,-0.013055876551270607,4
MV,20,82,-0.019933530675259492,5
MV,20,83,-0.04911183056724833,5
MV,20,84,0.02042009533922684,4
MV,20,85,0.002872809706166657,4
MV,20,86,-0.004183763719468048,4
MV,20,87,-0.035662973467783576,5
MV,20,88,-0.01933056790105525,5
MV,20,89,0.009479323814673757,4
MV,20,90,-0.03515665559527925,5
MV,20,91,-0.01786880990974571,5
MV,20,92,-0.048021336766588374,5
MV,20,93,0.013678703466756592,3
MV,20,94,-0.043360746869102296,5
MV,20,95,-0.06343096628751888,6
MV,20,96,0.0421441117134308,3
MV,20,97,-0.051106053171183,6
MV,20,98,-0.03852849654179247,5
MV,20,99,-0.003608204541493687,5
MV,24,0,0.005393741869346158,4
MV,24,1,0.02676576993316304,3
MV,24,2,0.00448394818208564,3
MV,24,3,-0.028335424615671623,4
MV,24,4,0.005131516314690332,4
MV,24,5,0.00448511928934503,4
MV,24,6,-0.04103899331840544,5
MV,24,7,-0.01978164900477486,6
MV,24,8,-0.06237697405926568,6
MV,24,9,-0.03933780914004492,5
MV,24,10,-0.03316916054426633,5
MV,24,11,-0.003219475295342944,4
MV,24,12,-0.008557488112150402,5
MV,24,13,-0.003995323336948076,4
MV,24,14,0.014608618543242802,3
MV,24,15,-0.020450578663636643,5
MV,24,16,-0.03603678289130696,5
MV,24,17,-0.006851395715080311,5
MV,24,18,0.024093884307643587,3
MV,24,19,-0.03645151867114871,5
MV,24,20,-0.008283255162987668,5
MV,24,21,-0.0017124493982655364,5
MV,24,22,-0.04753712753136585,6
MV,24,23,-0.03302097485893274,5
MV,24,24,0.003409149809203038,4
MV,24,25,-0.013644402410881384,5
MV,24,26,-0.007076346954375423,4
MV,24,27,-0.0035867255730056558,5
MV,24,28,0.046628599226577805,3
MV,24,29,-0.010164864431544851,5
MV,24,30,0.0337910793709687,4
MV,24,31,0.02411489449770443,3
MV,24,32,-0.05453373292819419,5
MV,24,33,-0.047855700169393,5
MV,24,34,0.006668851788957597,4
MV,24,35,0.02719434500532758,3
MV,24,36,-0.033978596428973384,5
MV,24,37,0.004009775118999026,4
MV,24,38,-0.03226098702788771,5
MV,24,39,-0.018700558590650895,5
MV,24,40,-0.01655289332860732,5
MV,24,41,0.0032304185020926024,4
MV,24,42,0.023111032219364946,4
MV,24,43,-0.0036668955082155286,4
MV,24,44,-0.0461523204111568,5
MV,24,45,0.002601071081163475,4
MV,24,46,-0.03475728676144385,5
MV,24,47,0.02093269754645033,4
MV,24,48,-0.03257847854313434,5
MV,24,49,0.010996043473737616,3
MV,24,50,-0.02360468323394349,5
MV,24,51,-0.004568007698935728,4
MV,24,52,-0.04694751152433929,5
MV,24,53,-0.03439795462150297,5
MV,24,54,-0.016350647179566358,5
MV,24,55,-0.008353147601963706,6
MV,24,56,0.028572807445873982,3
MV,24,57,0.016301715355822255,4
MV,24,58,0.002581693215085501,4
MV,24,59,-0.020657535406242822,4
MV,24,60,-0.04181062330118479,5
MV,24,61,0.04671210204846332,3
MV,24,62,0.01162710521406507,4
MV,24,63,0.00813125747587784,3
MV,24,64,-0.01765606930984487,4
MV,24,65,0.0357894361652733,4
MV,24,66,-0.05211773140577791,5
MV,24,67,-0.036522522745536024,5
MV,24,68,-0.02325998519503636,5
MV,24,69,0.022002617039390437,4
MV,24,70,-0.01240877540346097,4
MV,24,71,0.02363837156545401,4
MV,24,72,-0.008810569502466281,5
MV,24,73,0.03140083943265903,4
MV,24,74,-0.03475289538230952,5
MV,24,75,0.014915942929202841,4
MV,24,76,0.025704870893431653,4
MV,24,77,0.021743791055358952,3
MV,24,78,0.007210117462918886,3
MV,24,79,-0.019975603671705033,5
MV,24,80,-0.030382047775394883,4
MV,24,81,0.0012728216622646116,4
MV,24,82,-0.03300642694144229,5
MV,24,83,-0.04922428683847746,6
MV,24,84,-0.07253447234670718,6
MV,24,85,0.023559593636585996,4
MV,24,86,0.0008961945198366905,4
MV,24,87,0.007944605814878436,4
MV,24,88,0.011712218034785615,3
MV,24,89,0.011485002454923565,4
MV,24,90,-0.063900414059895,6
MV,24,91,-0.006645122981729812,4
MV,24,92,-0.0208236390231068,5
MV,24,93,0.007076382567427375,3
MV,24,94,-0.03807948087476143,5
MV,24,95,0.015353023618860151,4
MV,24,96,0.00919003804496088,4
MV,24,97,0.0073819844411446844,4
MV,24,98,-0.030311675153947948,5
MV,24,99,0.01749537869816642,4
MV,28,0,-0.014669877667648157,5
MV,28,1,-0.050426862558945906,5
MV,28,2,-0.002351265280792547,5
MV,28,3,-0.008990640224332602,5
MV,28,4,-0.011416342041464578,5
MV,28,5,0.01654138726168164,3
MV,28,6,-0.003209542173402302,5
MV,28,7,-0.0107456830830015,4
MV,28,8,0.00959795196897173,4
MV,28,9,-0.008306525069675219,5
MV,28,10,0.0009526085495209502,4
MV,28,11,0.00525834697951566,3
MV,28,12,0.0011631434262565632,4
MV,28,13,-0.0493041281729103,5
MV,28,14,-0.035743937597987774,6
MV,28,15,0.0074557775229405765,3
MV,28,16,0.00044836551111437917,4
MV,28,17,-0.04569035333093863,5
MV,28,18,0.03291660059119961,4
MV,28,19,-0.04325379945345087,5
MV,28,20,0.01864941935592579,4
MV,28,21,0.007044056588505487,3
MV,28,22,-0.013944819945104547,4
MV,28,23,0.010174548371367331,3
MV,28,24,0.01761212109219068,4
MV,28,25,-0.006580828093018742,4
MV,28,26,-0.0037900074046166576,5
MV,28,27,0.015160935733056768,3
MV,28,28,0.017963255492427832,4
MV,28,29,-0.02269958246988424,4
MV,28,30,0.005069721271916627,4
MV,28,31,0.041563777464902474,4
MV,28,32,-0.035834863947190154,5
MV,28,33,-0.018500913216007664,4
MV,28,34,0.0028886157244497612,4
MV,28,35,-0.01744686546563945,5
MV,28,36,0.000568861527944442,4
MV,28,37,-0.03835666632615886,5
MV,28,38,-0.001008803619097387,4
MV,28,39,0.02575794087037031,4
MV,28,40,0.02492368845038495,3
MV,28,41,-0.040955975700483704,5
MV,28,42,0.009147455655531211,3
MV,28,43,-0.018095617743340675,5
MV,28,44,-0.016348044049086075,5
MV,28,45,0.038146916121192365,3
MV,28,46,0.012571468381876949,4
MV,28,47,-0.025855115085956837,5
MV,28,48,0.0021553931845095242,3
MV,28,49,-0.033661038960362766,5
MV,28,50,-0.0011412030770862058,4
MV,28,51,0.013776733131788066,3
MV,28,52,0.026343501479823117,3
MV,28,53,0.03968182772016127,4
MV,28,54,0.013218503619899402,3
MV,28,55,-0.02749053822713432,6
MV,28,56,0.027308140439178397,3
MV,28,57,-0.00017935010254177541,5
MV,28,58,-0.01721342675178983,5
MV,28,59,0.0029325874468123514,4
MV,28,60,0.01428202011095081,3
MV,28,61,0.008966826586769616,3
MV,28,62,-0.029219618402688052,5
MV,28,63,-0.02280513459628819,5
MV,28,64,-0.03965732140533906,5
MV,28,65,-0.01457556262995885,4
MV,28,66,0.01790494820276667,3
MV,28,67,0.026046187627475126,3
MV,28,68,0.009981749637798187,4
MV,28,69,0.0073134229650815286,4
MV,28,70,0.01191273302481688,3
MV,28,71,-0.012794158480780804,5
MV,28,72,0.02716735823082872,3
MV,28,73,-0.028297668158771883,5
MV,28,74,-0.04760491258185873,6
MV,28,75,-0.04287350349803254,5
MV,28,76,0.012121500878987224,4
MV,28,77,-0.0008621132746829963,4
MV,28,78,-0.05215611304947365,6
MV,28,79,-0.0014334430788152108,4
MV,28,80,0.001241746691739487,4
MV,28,81,-0.022597494698740173,5
MV,28,82,-0.03760955727120052,5
MV,28,83,0.035722831076862804,3
MV,28,84,-0.0012901110904451896,5
MV,28,85,-0.015912883079937434,5
MV,28,86,-0.017506662786071492,5
MV,28,87,-0.025268826381324327,6
MV,28,88,-0.011264416887576068,5
MV,28,89,-0.0028722274711135976,4
MV,28,90,0.012875774924073546,3
MV,28,91,0.008292973969662554,4
MV,28,92,-0.01783325509125644,5
MV,28,93,-0.017545033395436338,4
MV,28,94,-0.01714761789318109,4
MV,28,95,0.0024116876599681314,4
MV,28,96,0.03734649870330975,4
MV,28,97,0.01563384291051606,3
MV,28,98,0.006379550543065604,3
MV,28,99,-0.011586209141460024,5
MV,32,0,0.0030516885237268365,4
MV,32,1,-0.027497624175016222,5
MV,32,2,0.01665363930909447,4
MV,32,3,0.019517594687761597,4
MV,32,4,-0.03734335475539108,5
MV,32,5,0.0034867104408310423,4
MV,32,6,-0.004944853288079365,5
MV,32,7,0.03243157782346251,3
MV,32,8,0.009274644693139211,4
MV,32,9,0.0320220161553062,3
MV,32,10,0.010134579161218404,4
MV,32,11,0.0383863298162217,4
MV,32,12,-0.023033039341791683,5
MV,32,13,0.010539708870724751,3
MV,32,14,-0.012472349764020008,4
MV,32,15,0.01779837703500997,4
MV,32,16,0.015467791406090003,4
MV,32,17,-0.04137262976572531,5
MV,32,18,0.003621936013845861,4
MV,32,19,0.01671468204135762,3
MV,32,20,0.04359891329566856,3
MV,32,21,-0.010452977657083973,4
MV,32,22,0.005780203134392425,4
MV,32,23,-0.004411704043744802,4
MV,32,24,0.010864764871848731,3
MV,32,25,-0.033555155254431424,5
MV,32,26,-0.02580782936603676,4
MV,32,27,0.010716969422822631,3
MV,32,28,-0.028541039751599495,5
MV,32,29,0.05230789435594552,3
MV,32,30,-0.01129768104806228,4
MV,32,31,0.019482672285422553,3
MV,32,32,-0.014996015246019567,5
MV,32,33,0.020420418379099026,3
MV,32,34,-0.02883025296871289,5
MV,32,35,0.012334916852994815,4
MV,32,36,-0.027605154751186967,5
MV,32,37,0.009748140143365225,4
MV,32,38,-0.025859994176611778,5
MV,32,39,-0.008690666962311133,5
MV,32,40,-0.012629665890142916,5
MV,32,41,0.009209214353503636,3
MV,32,42,-0.008596958888532402,5
MV,32,43,0.015728576157498897,3
MV,32,44,-0.008667796278329143,5
MV,32,45,0.042589292133043744,4
MV,32,46,-0.013386595640470955,5
MV,32,47,-0.011332183249876726,4
MV,32,48,-0.06227323076924496,6
MV,32,49,0.01876666813093686,3
MV,32,50,-0.04103934933650322,5
MV,32,51,-0.009433471595681309,5
MV,32,52,-0.005010965675272927,4
MV,32,53,0.0012272785919548168,4
MV,32,54,-0.04324996127620284,5
MV,32,55,-0.011559381268651636,5
MV,32,56,-0.0017685418464361558,4
MV,32,57,-0.004185823812069223,5
MV,32,58,-0.016343909891714747,5
MV,32,59,0.02844373373131015,3
MV,32,60,-0.012715907048649,4
MV,32,61,-0.02166101141976373,5
MV,32,62,0.051154257906324996,3
MV,32,63,0.046890941157833876,4
MV,32,64,-0.01634033589336492,5
MV,32,65,-0.014522810648794349,5
MV,32,66,0.003927164475678646,3
MV,32,67,0.042799620751629464,3
MV,32,68,-0.04433496740069143,5
MV,32,69,0.0022468955189428597,3
MV,32,70,-0.00992510417945458,5
MV,32,71,-0.06440124512379897,6
MV,32,72,-0.020368910734748558,5
MV,32,73,-0.0017658267676012862,4
MV,32,74,-0.030989681859794782,4
MV,32,75,-0.020075167024180107,5
MV,32,76,0.000723978800845293,5
MV,32,77,0.006342270177273068,4
MV,32,78,-0.021775407428518356,5
MV,32,79,0.028101912381616523,3
MV,32,80,-0.010682286906771532,5
MV,32,81,0.012455721783384388,3
MV,32,82,0.027464477688188826,3
MV,32,83,-0.06531322135790019,6
MV,32,84,0.01108452449128372,3
MV,32,85,-0.011772856768721085,5
MV,32,86,-0.025581740640666317,5
MV,32,87,-0.015126361801653943,5
MV,32,88,-0.03327913928345627,5
MV,32,89,-0.02477262413978043,4
MV,32,90,-0.021118620152539624,5
MV,32,91,0.04900948054637111,4
MV,32,92,0.0019617902882882454,4
MV,32,93,-0.0016916936953665918,4
MV,32,94,-0.019962522538099936,5
MV,32,95,-0.009236467128376558,5
MV,32,96,0.03579392406670179,3
MV,32,97,-0.02219556926619548,5
MV,32,98,0.003898482439799511,4
MV,32,99,-0.02130059074812951,5
MV,34,0,0.037697564263993844,3
MV,34,1,0.004465698515770722,4
MV,34,2,-0.02141715420678847,5
MV,34,3,0.003764072991505163,4
MV,34,4,0.03956489421928577,3
MV,34,5,0.036643513994803145,3
MV,34,6,-0.005248891519754051,5
MV,34,7,0.03520740729679084,4
MV,34,8,0.043227224401158004,3
MV,34,9,0.025916439830700577,3
MV,34,10,0.0014206354630856843,4
MV,34,11,-0.010495857604302605,5
MV,34,12,-0.016396153892590304,5
MV,34,13,0.011265942278605223,3
MV,34,14,0.023536230500583732,3
MV,34,15,0.03286466444892344,4
MV,34,16,0.012891608836149149,3
MV,34,17,-0.0011881808157574447,4
MV,34,18,0.016382641539430365,4
MV,34,19,0.02136644139571553,3
MV,34,20,-0.000611700498446166,4
MV,34,21,0.01970613045841685,3
MV,34,22,0.01155404611959221,4
MV,34,23,0.01367769515262185,4
MV,34,24,0.016127178283975585,4
MV,34,25,0.008549808311624219,4
MV,34,26,0.004970490423164886,4
MV,34,27,-0.013934999922514124,5
MV,34,28,0.010715394755842045,4
MV,34,29,-0.007733948928679291,5
MV,34,30,0.050885981839094874,4
MV,34,31,-0.013757897112735118,5
MV,34,32,0.010095480839564686,4
MV,34,33,-0.002966233816531494,4
MV,34,34,0.009644209255779912,4
MV,34,35,0.00474710906275877,4
MV,34,36,-0.014660300845529606,5
MV,34,37,0.0026592977491718406,4
MV,34,38,0.042680054049649696,3
MV,34,39,-0.03678134352578777,5
MV,34,40,-0.0102324399106839,5
MV,34,41,-0.01854186570060201,5
MV,34,42,0.00790046038461567,3
MV,34,43,-0.0346440689712062,5
MV,34,44,0.007094995188897557,4
MV,34,45,-0.020038600545338237,4
MV,34,46,-0.01446385930374705,5
MV,34,47,-0.00919617025089181,5
MV,34,48,-0.022527640686703543,5
MV,34,49,-0.009176182914059083,5
MV,34,50,0.011016327379989699,4
MV,34,51,-0.028864356730022633,5
MV,34,52,0.02801135677524169,3
MV,34,53,0.011423044741714183,3
MV,34,54,-0.006727428568524485,5
MV,34,55,-0.029982256032811683,4
MV,34,56,0.011947174311890185,4
MV,34,57,4.275715256685242e-05,4
MV,34,58,0.029419053605466483,3
MV,34,59,0.05551929834813274,3
MV,34,60,-0.005299384645645389,4
MV,34,61,0.017584669091669336,4
MV,34,62,-0.006504087029322814,5
MV,34,63,0.008958918178585407,4
MV,34,64,-0.0170990240495712,5
MV,34,65,-0.03321221365107041,5
MV,34,66,0.026129461811918553,3
MV,34,67,0.02102156582316983,4
MV,34,68,0.0015626178420415915,4
MV,34,69,-0.0050689306144129365,5
MV,34,70,-0.019844251606700003,4
MV,34,71,-0.02161433389699796,4
MV,34,72,-0.04926811137443643,5
MV,34,73,0.04451764159518845,3
MV,34,74,0.020213784927815226,3
MV,34,75,0.0026414232932008286,3
MV,34,76,-0.029556876591012582,4
MV,34,77,-0.03247098767264023,5
MV,34,78,0.009148019391564288,3
MV,34,79,-0.006479180983914645,5
MV,34,80,0.00999433900505975,3
MV,34,81,0.01836355625683661,3
MV,34,82,0.012959048515090665,3
MV,34,83,-0.029975902469798643,5
MV,34,84,0.01811794000350997,4
MV,34,85,-0.003350016253666266,5
MV,34,86,0.012403844485945337,3
MV,34,87,-0.007516824659582144,4
MV,34,88,-0.01206369813179109,4
MV,34,89,0.05318708904214897,3
MV,34,90,-0.024546727860856432,5
MV,34,91,-0.008716949923479378,4
MV,34,92,0.0026199489398998077,4
MV,34,93,-0.014019118186409774,5
MV,34,94,0.038820074142763894,3
MV,34,95,-0.005109149725935347,5
MV,34,96,-0.012310275456032471,5
MV,34,97,-0.02997198592962491,5
MV,34,98,0.015893774274433503,3
MV,34,99,0.005212600000812695,3
MV,36,0,0.0002745969449149399,4
MV,36,1,0.0060137594218239165,4
MV,36,2,0.02263582013898069,4
MV,36,3,-0.001415539348695094,4
MV,36,4,-0.02340943695207698,5
MV,36,5,0.03943455514442151,4
MV,36,6,0.05181481310242764,3
MV,36,7,-0.02264461503679216,5
MV,36,8,-0.008547053020750539,4
MV,36,9,0.014945026545870932,3
MV,36,10,0.005969790671510267,3
MV,36,11,0.01733862301072675,4
MV,36,12,0.011653999680653282,4
MV,36,13,0.005224629352929,3
MV,36,14,-0.023511668475176162,5
MV,36,15,0.0064177673179333095,3
MV,36,16,0.0452162425930005,3
MV,36,17,-0.015418954868466672,5
MV,36,18,0.027443325299337573,4
MV,36,19,-0.008675893241743116,4
MV,36,20,-0.024860960922819086,5
MV,36,21,-0.03174397713373245,4
MV,36,22,-0.024810255019774075,5
MV,36,23,0.013229457290805713,4
MV,36,24,-0.021809216177482105,5
MV,36,25,-0.04232776190182863,5
MV,36,26,0.01813628280799351,4
MV,36,27,0.024468529386908466,4
MV,36,28,-0.0038852870793167904,4
MV,36,29,-0.004138934831383834,4
MV,36,30,0.01605233176153953,4
MV,36,31,-0.001905934662842168,4
MV,36,32,0.01786256571004241,3
MV,36,33,0.0021560535674527426,4
MV,36,34,0.00866945243426187,4
MV,36,35,-0.01272875351171654,5
MV,36,36,-0.013564495663437537,5
MV,36,37,0.004392902575835578,3
MV,36,38,0.0161726050500558,3
MV,36,39,0.0031839819732984997,4
MV,36,40,-0.0024884600113046496,5
MV,36,41,-0.005841374355205042,5
MV,36,42,-0.001775844548419836,4
MV,36,43,-0.03600951948526532,5
MV,36,44,0.03324810185492466,4
MV,36,45,0.008905797842764906,3
MV,36,46,-0.0015489151493338627,4
MV,36,47,-0.010721750059805912,5
MV,36,48,0.035365605242439035,3
MV,36,49,-0.035516018463158106,4
MV,36,50,0.01746468912665944,3
MV,36,51,0.0035316890680253676,4
MV,36,52,0.015544823681926667,3
MV,36,53,0.005160522279887281,4
MV,36,54,-0.02540952597491164,5
MV,36,55,0.04962974497428252,3
MV,36,56,-0.0226164778324206,5
MV,36,57,0.0020567464742056174,4
MV,36,58,0.004671512228803354,4
MV,36,59,-0.0223419856695114,5
MV,36,60,-0.010218167027698621,4
MV,36,61,-0.018441715402002234,5
MV,36,62,0.0130824978457591,3
MV,36,63,-0.01730332889740349,5
MV,36,64,-0.01874887847295581,5
MV,36,65,0.0004528256616932458,4
MV,36,66,-0.014683567231646766,5
MV,36,67,0.0045972163302471225,3
MV,36,68,0.00814135136647387,4
MV,36,69,0.011744727781490605,4
MV,36,70,-0.012043679909364058,4
MV,36,71,0.037999029416246555,4
MV,36,72,0.001861032594721257,5
MV,36,73,-0.004679054214620781,5
MV,36,74,0.010014333503247097,4
MV,36,75,0.01440403303944049,3
MV,36,76,0.03183830627215778,4
MV,36,77,-0.0065590195193540035,5
MV,36,78,0.056975261771300856,3
MV,36,79,0.05640365171031292,3
MV,36,80,-0.0022232979827452315,5
MV,36,81,0.008441923531645856,4
MV,36,82,0.007896441311755487,4
MV,36,83,-0.0069384941752926865,5
MV,36,84,-0.011065095936880986,5
MV,36,85,-0.013331310249531825,5
MV,36,86,-0.0008827062781979755,5
MV,36,87,0.05148283202650783,3
MV,36,88,0.002745767957740175,3
MV,36,89,0.015619844461178034,3
MV,36,90,-0.0003244318016404346,3
MV,36,91,0.005741496822318726,4
MV,36,92,-0.0034169215458665914,4
MV,36,93,0.04444986082837732,3
MV,36,94,0.033657256162824334,4
MV,36,95,-0.03681583609590855,5
MV,36,96,-0.039809007925601825,5
MV,36,97,-0.008930691168167915,5
MV,36,98,-0.00022062611399142895,4
MV,36,99,-0.0017831919232910165,5
MV,38,0,-0.031350114956393726,4
MV,38,1,0.000492110311273275,5
MV,38,2,-0.010386042499092252,4
MV,38,3,0.0036509047484424295,4
MV,38,4,-0.0007567546392038826,5
MV,38,5,0.006727590845684972,4
MV,38,6,0.014926728819818824,4
MV,38,7,0.02486568384712684,4
MV,38,8,0.03341682271320745,4
MV,38,9,-0.012285610242992129,4
MV,38,10,0.02553742768653855,4
MV,38,11,0.0021004382144631517,3
MV,38,12,0.0006216467441479967,4
MV,38,13,-0.0049308189840596706,4
MV,38,14,0.006328501918977603,3
MV,38,15,0.034610046831221375,3
MV,38,16,0.011883562295178285,4
MV,38,17,-0.00045363978063550636,3
MV,38,18,0.018308178028898392,3
MV,38,19,0.001459296822164502,4
MV,38,20,0.0024996496328664186,4
MV,38,21,0.002496944581190985,4
MV,38,22,0.02441637134869956,3
MV,38,23,0.012782263136606464,4
MV,38,24,0.0034553986421143046,3
MV,38,25,-0.01789455977008869,5
MV,38,26,0.007413073174427631,3
MV,38,27,0.029643153456840765,3
MV,38,28,0.003870197093354788,3
MV,38,29,-0.027558548282481832,4
MV,38,30,-0.016462857243702,5
MV,38,31,-0.0011477071731180732,4
MV,38,32,-0.017196270693729865,4
MV,38,33,0.037308703894004425,4
MV,38,34,0.013245013612057432,4
MV,38,35,0.017393033559239157,4
MV,38,36,-0.00032237925832268033,4
MV,38,37,0.03308630015950942,3
MV,38,38,0.010502597691407378,3
MV,38,39,0.005801245553608392,4
MV,38,40,0.004085088884108856,3
MV,38,41,0.012649085135142735,4
MV,38,42,-0.005513538580407706,4
MV,38,43,0.01563784869378282,3
MV,38,44,0.0042214594776517345,4
MV,38,45,-0.03772685496290418,5
MV,38,46,-0.020685784512570082,5
MV,38,47,0.005961522190454871,4
MV,38,48,-0.004673176198676687,5
MV,38,49,-0.01792474304406033,5
MV,38,50,-0.008026162493530609,5
MV,38,51,-0.008761298088411307,5
MV,38,52,0.03210289963440649,4
MV,38,53,0.011056811154607216,3
MV,38,54,-0.023328026632771226,5
MV,38,55,-0.011449720180226053,4
MV,38,56,-0.01503309995411195,5
MV,38,57,-0.005107027630022132,4
MV,38,58,-0.006398041046951852,4
MV,38,59,0.022330893071636604,4
MV,38,60,-0.00990229090344763,5
MV,38,61,-0.039647765316913386,5
MV,38,62,-0.009502838553394954,5
MV,38,63,-0.010048766626255867,5
MV,38,64,0.018398040319680953,3
MV,38,65,0.000413126458701063,3
MV,38,66,-0.018259777677633426,4
MV,38,67,-0.0037688109702912476,5
MV,38,68,-0.0001962571058782281,4
MV,38,69,0.019688062003023088,3
MV,38,70,0.00437773415359366,4
MV,38,71,0.02628982692866355,4
MV,38,72,0.016261143860833105,3
MV,38,73,-0.0069863501494128455,5
MV,38,74,-0.0016347007220923748,4
MV,38,75,0.0024040816721745406,3
MV,38,76,0.011676413130388585,3
MV,38,77,0.0023371982650747247,4
MV,38,78,-0.030847443551898723,5
MV,38,79,0.04099147662985192,4
MV,38,80,0.0032456654589932965,4
MV,38,81,-0.019162343403695492,4
MV,38,82,-0.0031763562416690094,4
MV,38,83,-0.009221495501107735,4
MV,38,84,-0.001642036352178966,5
MV,38,85,-0.017865168641849394,5
MV,38,86,-0.018163759741579688,5
MV,38,87,0.025702333721706605,3
MV,38,88,-0.01402164405904971,5
MV,38,89,0.017504709203364,4
MV,38,90,0.002042246688888638,4
MV,38,91,0.008104607703452338,3
MV,38,92,0.024983848058365177,3
MV,38,93,0.018332957132815242,4
MV,38,94,0.008987240710848443,3
MV,38,95,-0.01642539273014587,4
MV,38,96,-0.01638424232479141,4
MV,38,97,0.00779919741793067,3
MV,38,98,-0.005216210154650791,5
MV,38,99,0.002563383158499244,3
MV,40,0,0.014405816738481403,4
MV,40,1,0.0071925371169073715,4
MV,40,2,-0.011816762792968616,5
MV,40,3,0.014297858795561558,4
MV,40,4,0.0024771565986495547,4
MV,40,5,-0.03690654748156741,6
MV,40,6,0.00012213580037079286,4
MV,40,7,-0.00021618655522237518,4
MV,40,8,0.02798149569825581,3
MV,40,9,0.04489060852664384,4
MV,40,10,0.005629347783978611,3
MV,40,11,-0.03458782661730975,5
MV,40,12,0.03099580976066174,4
MV,40,13,0.03712106444196517,3
MV,40,14,0.003632921400581912,4
MV,40,15,-0.01481255485365296,5
MV,40,16,-0.0026810266335011157,5
MV,40,17,0.005048294882284199,4
MV,40,18,-0.021258143328964696,4
MV,40,19,0.02000388430445399,4
MV,40,20,0.01334946795641101,3
MV,40,21,-0.012375470803092647,5
MV,40,22,0.0229211533070669,4
MV,40,23,0.009141850450364641,3
MV,40,24,-0.0032381078662266916,4
MV,40,25,0.025990564381706216,4
MV,40,26,-0.0027287369446953313,5
MV,40,27,0.038528684747821784,4
MV,40,28,0.0401410070719731,3
MV,40,29,-0.005767959556362112,5
MV,40,30,0.02827486988275829,4
MV,40,31,0.01318137990804591,4
MV,40,32,0.00502910687018665,3
MV,40,33,-0.022251683883292683,4
MV,40,34,0.0008531607212611814,4
MV,40,35,0.0020675635827720473,3
MV,40,36,-0.03493749594996631,5
MV,40,37,0.006483707883539358,3
MV,40,38,-0.004498753772783637,5
MV,40,39,0.003905186627728763,4
MV,40,40,-0.006415920356727001,4
MV,40,41,0.04095796140964092,4
MV,40,42,0.012234460323057972,3
MV,40,43,-0.06509548433806778,6
MV,40,44,0.010007301211804043,3
MV,40,45,-0.013654586761113308,5
MV,40,46,-0.01334169166601884,4
MV,40,47,0.000393639354847819,4
MV,40,48,0.01657116974397399,4
MV,40,49,0.013842366004206741,3
MV,40,50,0.0259146020480594,3
MV,40,51,0.005496320293192691,3
MV,40,52,-0.0019353961702994749,4
MV,40,53,-0.0011137138163468396,5
MV,40,54,0.01284711995806076,4
MV,40,55,0.00029755503118567006,5
MV,40,56,0.0191081090558729,3
MV,40,57,-0.00878920964625407,5
MV,40,58,0.00840122917804953,3
MV,40,59,0.025524043687215836,3
MV,40,60,-0.015172433076360181,5
MV,40,61,-0.007058167535382798,5
MV,40,62,-0.008245114257640296,5
MV,40,63,0.008367016235280245,3
MV,40,64,-0.008140833791525859,5
MV,40,65,0.0057272668910390845,3
MV,40,66,0.020601743945882656,4
MV,40,67,-0.022903192419420848,5
MV,40,68,0.011086674013605524,4
MV,40,69,0.002897696287226248,4
MV,40,70,0.01362680199553834,3
MV,40,71,0.0117669184514535,3
MV,40,72,0.018776867618406246,3
MV,40,73,0.014854108101197028,3
MV,40,74,-0.004889032677306893,5
MV,40,75,0.031847170826505566,3
MV,40,76,-0.0034769555020266463,5
MV,40,77,0.0073980390938536145,4
MV,40,78,0.019411213398816574,3
MV,40,79,-0.0432561455135374,5
MV,40,80,0.014505763891199619,3
MV,40,81,0.008324359624455546,3
MV,40,82,0.02153263455864174,4
MV,40,83,0.0016065560423059733,3
MV,40,84,0.005055361383369261,4
MV,40,85,0.03304479777213565,4
MV,40,86,0.0014626703909200733,4
MV,40,87,0.013505293677419927,4
MV,40,88,-0.010724660472203773,5
MV,40,89,0.0008513628063414602,4
MV,40,90,0.00792415513840039,4
MV,40,91,0.04206658837815702,4
MV,40,92,0.003310838698305729,4
MV,40,93,0.014913236277891762,3
MV,40,94,0.014398710526453695,3
MV,40,95,0.0059474009193544175,3
MV,40,96,0.010772005757424874,3
MV,40,97,0.02406380081359294,3
MV,40,98,0.0121018168506547,3
MV,40,99,0.03926236918623183,4
MV,45,0,0.0013168113410677584,4
MV,45,1,-0.012670584792045747,4
MV,45,2,0.0006257390423644038,4
MV,45,3,0.0023129797292726906,3
MV,45,4,0.00700648375019719,3
MV,45,5,0.0005547041300588695,4
MV,45,6,0.002303063065611566,3
MV,45,7,0.02396776385254562,4
MV,45,8,0.0055953900805423284,3
MV,45,9,0.0067712250324653,3
MV,45,10,0.0024186126642947725,3
MV,45,11,0.009275390114227733,3
MV,45,12,0.012995068434315526,3
MV,45,13,0.008630692834217024,3
MV,45,14,-0.00522540325781462,5
MV,45,15,0.004756681014215336,3
MV,45,16,0.011614457452856053,4
MV,45,17,0.0045375821516312476,3
MV,45,18,-0.017487412264723057,4
MV,45,19,-0.02153350078743399,5
MV,45,20,0.00041069383956704453,4
MV,45,21,0.0036136068612258043,3
MV,45,22,-0.012687335810829814,4
MV,45,23,-0.007215771956063266,4
MV,45,24,-0.004794262459941301,5
MV,45,25,0.007373840999596926,4
MV,45,26,-0.006233065507374569,4
MV,45,27,-0.005038699232122745,4
MV,45,28,-0.003144623162798288,5
MV,45,29,-0.003242692500008193,4
MV,45,30,-0.028862595134878433,5
MV,45,31,0.00047898035631543934,4
MV,45,32,-0.0074000790469485045,4
MV,45,33,-0.007978557293972122,5
MV,45,34,0.0008308951237596673,3
MV,45,35,0.0074298642304838625,3
MV,45,36,-8.198926237101833e-05,4
MV,45,37,0.03905868273876356,3
MV,45,38,0.0011368001807866568,3
MV,45,39,-0.01413125276800331,4
MV,45,40,0.006078010954936763,3
MV,45,41,0.010289150148074855,3
MV,45,42,0.0011888118181272445,3
MV,45,43,0.007662407071702071,3
MV,45,44,-0.0036746917697685344,5
MV,45,45,0.00013649910526847275,4
MV,45,46,-0.007406972692167613,4
MV,45,47,0.002583840629188927,3
MV,45,48,0.027593068272897092,3
MV,45,49,0.001801377556258088,4
MV,45,50,0.009596359341811023,3
MV,45,51,0.006683646542956501,3
MV,45,52,0.007290065356671094,3
MV,45,53,-0.002107658926156275,4
MV,45,54,0.01593075477991146,3
MV,45,55,0.006512317455356964,3
MV,45,56,-0.00017813052303050636,4
MV,45,57,-0.011136535225375388,4
MV,45,58,0.014732858068862487,3
MV,45,59,0.004134764249663969,3
MV,45,60,0.006252219996273234,3
MV,45,61,0.003829287444194307,3
MV,45,62,0.007443814760600076,3
MV,45,63,0.026305385317552554,3
MV,45,64,0.006210415832154537,4
MV,45,65,0.03091221499650365,3
MV,45,66,-0.001812455947741487,4
MV,45,67,0.0029444386054616745,3
MV,45,68,-0.0026955002759051494,5
MV,45,69,0.0024870566472290356,3
MV,45,70,0.008765073651922917,3
MV,45,71,0.004599842753266525,3
MV,45,72,0.022322358205076553,4
MV,45,73,0.004404940488796694,3
MV,45,74,0.011024805709263896,3
MV,45,75,0.02403393895234507,4
MV,45,76,-0.003981402253527944,5
MV,45,77,0.02697236071928366,4
MV,45,78,0.0019152082541720183,3
MV,45,79,0.035226533442733965,3
MV,45,80,0.006030628712235031,3
MV,45,81,0.012880777093088103,3
MV,45,82,0.0034918009283164686,4
MV,45,83,0.0011241830248712725,4
MV,45,84,0.008824060937056788,3
MV,45,85,0.004808516616365388,4
MV,45,86,0.006736759533882863,3
MV,45,87,-0.0005419585450865405,4
MV,45,88,0.006835453961106519,3
MV,45,89,-0.001344904142092318,4
MV,45,90,0.011656434622097311,3
MV,45,91,0.004726311623802104,3
MV,45,92,0.007302613259066004,3
MV,45,93,0.011607696124254163,3
MV,45,94,0.02669924159045145,4
MV,45,95,0.006139304707812543,4
MV,45,96,0.0384336178756739,3
MV,45,97,0.028695709111225653,3
MV,45,98,-0.008571175020895327,4
MV,45,99,-0.0005420667208697605,3
MV,50,0,0.003464084667327949,3
shape,1,0,0.00514716252324654,3
shape,1,1,0.00514716252324654,3
shape,1,2,0.00022352066467690168,4
shape,1,3,0.00208783094127285,3
shape,1,4,-0.010931313177443447,5
shape,1,5,0.003856103259903154,3
shape,1,6,-0.003302000767119284,5
shape,1,7,0.0016653504817027986,3
shape,1,8,0.00022352066467690168,4
shape,1,9,0.006433370280999662,2
shape,1,10,0.003856103259903154,3
shape,1,11,0.00208783094127285,3
shape,1,12,0.004182085581889483,2
shape,1,13,-0.010334296380131058,5
shape,1,14,-0.0127571420193624,5
shape,1,15,-0.0016282942796345123,4
shape,1,16,0.003856103259903154,3
shape,1,17,0.0034810298641873016,6
shape,1,18,-0.00492499530481183,4
shape,1,19,0.0016653504817027986,3
shape,1,20,0.008019291693409092,4
shape,1,21,0.003856103259903154,3
shape,1,22,0.004182085581889483,2
shape,1,23,0.0034810298641873016,6
shape,1,24,0.007398983379589996,2
shape,1,25,0.004214955056897174,4
shape,1,26,0.00208783094127285,3
shape,1,27,-0.003302000767119284,5
shape,1,28,-0.0127571420193624,5
shape,1,29,0.0047585715285635155,5
shape,1,30,0.00208783094127285,3
shape,1,31,-0.01482171085928985,5
shape,1,32,0.004182085581889483,2
shape,1,33,0.00208783094127285,3
shape,1,34,0.004214955056897174,4
shape,1,35,0.00514716252324654,3
shape,1,36,0.004182085581889483,2
shape,1,37,-0.003302000767119284,5
shape,1,38,0.00208783094127285,3
shape,1,39,0.0027486327422113765,4
shape,1,40,0.010262372776891793,3
shape,1,41,0.00514716252324654,3
shape,1,42,-0.004851316121835869,4
shape,1,43,-0.00492499530481183,4
shape,1,44,0.00022352066467690168,4
shape,1,45,0.009714242666999162,5
shape,1,46,-0.013835368674457227,5
shape,1,47,0.00208783094127285,3
shape,1,48,0.006433370280999662,2
shape,1,49,0.004467914147453844,4
shape,1,50,0.00208783094127285,3
shape,1,51,0.005915983583042461,2
shape,1,52,0.0016653504817027986,3
shape,1,53,-0.010931313177443447,5
shape,1,54,0.006433370280999662,2
shape,1,55,0.0016653504817027986,3
shape,1,56,0.008123372650360783,4
shape,1,57,0.009714242666999162,5
shape,1,58,0.0047585715285635155,5
shape,1,59,0.00514716252324654,3
shape,1,60,0.009714242666999162,5
shape,1,61,0.004214955056897174,4
shape,1,62,0.006114031821268018,3
shape,1,63,-0.010931313177443447,5
shape,1,64,0.010262372776891793,3
shape,1,65,0.004467914147453844,4
shape,1,66,0.0022737924624142147,4
shape,1,67,0.003856103259903154,3
shape,1,68,0.005915983583042461,2
shape,1,69,0.010262372776891793,3
shape,1,70,0.009714242666999162,5
shape,1,71,0.004111173179117911,3
shape,1,72,0.0016781492442285995,2
shape,1,73,0.004339529091748395,5
shape,1,74,-0.010931313177443447,5
shape,1,75,0.00022352066467690168,4
shape,1,76,0.00208783094127285,3
shape,1,77,-0.0127571420193624,5
shape,1,78,-0.003302000767119284,5
shape,1,79,-0.003302000767119284,5
shape,1,80,0.00022352066467690168,4
shape,1,81,0.00514716252324654,3
shape,1,82,0.006433370280999662,2
shape,1,83,0.010262372776891793,3
shape,1,84,-0.00541626554139496,5
shape,1,85,0.008123372650360783,4
shape,1,86,0.0047585715285635155,5
shape,1,87,0.0016781492442285995,2
shape,1,88,-0.004851316121835869,4
shape,1,89,-0.0127571420193624,5
shape,1,90,0.0027486327422113765,4
shape,1,91,0.0027486327422113765,4
shape,1,92,0.005915983583042461,2
shape,1,93,0.008123372650360783,4
shape,1,94,0.00208783094127285,3
shape,1,95,0.0034810298641873016,6
shape,1,96,0.0034762024790833124,3
shape,1,97,0.005915983583042461,2
shape,1,98,-0.0127571420193624,5
shape,1,99,0.004182085581889483,2
shape,2,0,-0.010989845522052288,6
shape,2,1,0.006597046526585992,4
shape,2,2,0.00912848322338411,3
shape,2,3,0.016182962537195533,4
shape,2,4,0.004917077482210486,4
shape,2,5,0.007020929195952319,3
shape,2,6,-0.0014990190910817436,4
shape,2,7,-0.00720392100825662,6
shape,2,8,-0.0002671424718361237,3
shape,2,9,-0.00893329734054571,5
shape,2,10,0.003884373127723162,2
shape,2,11,0.00697288034120036,3
shape,2,12,0.0004004429750038563,3
shape,2,13,-0.0063501504385102825,5
shape,2,14,-0.00806657299766722,5
shape,2,15,0.007712466921506733,2
shape,2,16,0.007265316673229827,2
shape,2,17,0.010046348911361358,4
shape,2,18,0.0079658142661293,3
shape,2,19,-0.009576926981860634,5
shape,2,20,-0.008923621623279199,5
shape,2,21,0.007981033984436614,3
shape,2,22,-0.012848328837574141,5
shape,2,23,-0.014047013269040343,5
shape,2,24,-0.0009758506553803059,5
shape,2,25,-0.002498385101543543,4
shape,2,26,0.006367168799858103,3
shape,2,27,-0.013859109311653572,5
shape,2,28,0.006603380255844282,3
shape,2,29,0.013145053398799789,4
shape,2,30,0.005165053913248396,2
shape,2,31,-0.013187462470166555,5
shape,2,32,0.006663099176152154,2
shape,2,33,-0.0061947791121304,5
shape,2,34,-0.004289622040928753,4
shape,2,35,0.009915446357195101,5
shape,2,36,0.0076040635530231215,4
shape,2,37,-0.011593272962497125,5
shape,2,38,-0.010662334874966928,5
shape,2,39,0.020233079322876102,4
shape,2,40,0.01051629329148207,4
shape,2,41,0.01127168854371463,2
shape,2,42,-0.006213432338031177,6
shape,2,43,-0.003586797212647652,4
shape,2,44,-0.0025308405334770745,4
shape,2,45,0.014857027294101877,4
shape,2,46,-0.011792964287150043,5
shape,2,47,0.007615711234479128,2
shape,2,48,0.005269796370863888,3
shape,2,49,-0.006213432338031177,6
shape,2,50,0.001341402304731787,5
shape,2,51,0.006603380255844282,3
shape,2,52,0.005358608451324076,2
shape,2,53,0.011137867204751406,4
shape,2,54,0.004415976043263714,1
shape,2,55,-0.00025075939018659454,4
shape,2,56,-0.011792964287150043,5
shape,2,57,0.01595294643080325,4
shape,2,58,-0.010662334874966928,5
shape,2,59,0.007730216660756795,3
shape,2,60,0.006923314973090511,2
shape,2,61,-0.014198809768191767,6
shape,2,62,0.005103566142847349,4
shape,2,63,-0.000655903383633416,4
shape,2,64,0.0021953973742327992,4
shape,2,65,0.0019085788290780226,4
shape,2,66,0.00885142913351089,4
shape,2,67,0.001341402304731787,5
shape,2,68,0.0020988495319611555,4
shape,2,69,0.0004004429750038563,3
shape,2,70,-0.0002752452915500969,4
shape,2,71,0.005103566142847349,4
shape,2,72,0.007457949887480719,2
shape,2,73,0.008993302612086196,2
shape,2,74,-0.010533213325271129,5
shape,2,75,-0.001275571802651032,5
shape,2,76,0.005581527383296092,3
shape,2,77,0.008272107541765106,3
shape,2,78,-0.011310014681678693,5
shape,2,79,-0.00243692090090597,5
shape,2,80,-0.006099802991243242,5
shape,2,81,-0.004223973887990229,5
shape,2,82,0.0010235134597421647,4
shape,2,83,0.011744094617653134,5
shape,2,84,-0.011792964287150043,5
shape,2,85,-0.007877368295964748,5
shape,2,86,-0.0023131724267595466,4
shape,2,87,0.003880830535515911,3
shape,2,88,-0.0005583814265186504,4
shape,2,89,0.011137867204751406,4
shape,2,90,-0.015296528254308384,5
shape,2,91,0.005103969689556287,4
shape,2,92,0.006670929183314245,4
shape,2,93,0.011137867204751406,4
shape,2,94,-0.00039325600864026367,4
shape,2,95,0.008629646149686088,4
shape,2,96,0.0077739994160765935,4
shape,2,97,0.005388020541754024,3
shape,2,98,0.0048251605809084275,4
shape,2,99,0.007730216660756795,3
shape,3,0,0.01638896382688204,3
shape,3,1,0.003091038965859161,4
shape,3,2,0.010285956599853097,4
shape,3,3,-0.0005010021167211054,5
shape,3,4,0.007833091993537877,3
shape,3,5,0.010000624778843337,2
shape,3,6,-0.0012537492508418735,5
shape,3,7,0.010855641510536418,4
shape,3,8,0.007595948480835002,4
shape,3,9,0.0005543213593186547,4
shape,3,10,0.0006667498006133199,4
shape,3,11,0.010951264231284674,3
shape,3,12,0.007291578302098478,3
shape,3,13,0.002460836362003338,3
shape,3,14,0.002979361950707915,4
shape,3,15,-0.008845104782405078,5
shape,3,16,0.006814811478422778,6
shape,3,17,-0.0022920093756438886,4
shape,3,18,0.002677098269972089,4
shape,3,19,0.006760680051903445,2
shape,3,20,0.01319204496568882,3
shape,3,21,0.015003897869734217,4
shape,3,22,-0.0021257395326194084,4
shape,3,23,-0.004745732662769897,5
shape,3,24,-0.0009411571518896933,4
shape,3,25,0.008265066725685721,4
shape,3,26,0.008972257279309281,4
shape,3,27,0.010715143665391058,5
shape,3,28,0.006858054599824914,3
shape,3,29,0.0020428701850855324,5
shape,3,30,-0.005354439568530656,4
shape,3,31,-0.009651151555498005,6
shape,3,32,-0.01375716011757977,5
shape,3,33,0.0074644623861255255,4
shape,3,34,-0.008332296023172758,5
shape,3,35,-0.009714731421383127,5
shape,3,36,0.006814811478422778,6
shape,3,37,-0.009361469705156278,5
shape,3,38,-0.00997234941025682,5
shape,3,39,-0.0018300578374677023,5
shape,3,40,0.01818579387228969,4
shape,3,41,0.012375965891571084,5
shape,3,42,0.012631473970867835,5
shape,3,43,0.002898729425317992,4
shape,3,44,-0.003805478644318794,6
shape,3,45,-0.01032376877368979,5
shape,3,46,-0.011107535791918366,5
shape,3,47,0.010375565721595925,3
shape,3,48,-0.008901709209384712,6
shape,3,49,0.012309910549256231,4
shape,3,50,-0.007268744757038315,5
shape,3,51,-0.008329661431939361,4
shape,3,52,0.013260629117106126,2
shape,3,53,0.020479431654571,5
shape,3,54,-0.006233875538447786,5
shape,3,55,0.00831908516358315,2
shape,3,56,0.0035855842793505177,5
shape,3,57,0.010218873578426324,5
shape,3,58,-0.013093241037981485,5
shape,3,59,-0.0018087538615179088,4
shape,3,60,-0.003422013901379417,5
shape,3,61,0.008609630222553122,3
shape,3,62,-0.005138685946528665,5
shape,3,63,0.0026999752686748257,4
shape,3,64,0.011254418806133981,4
shape,3,65,0.008583903850210794,2
shape,3,66,0.0019044697832302226,5
shape,3,67,0.008720393520063263,4
shape,3,68,0.011236826597791016,3
shape,3,69,-0.006126978603347766,4
shape,3,70,0.007955163075559435,2
shape,3,71,-0.003871835710060445,5
shape,3,72,0.01012790579712608,4
shape,3,73,-0.00849505891896385,5
shape,3,74,-0.010687184707045105,5
shape,3,75,0.015521939694448261,4
shape,3,76,0.013443437911343059,4
shape,3,77,-0.0033897654156022083,5
shape,3,78,-0.006950148271324008,5
shape,3,79,-0.009612432538767535,5
shape,3,80,0.0008785143069787171,4
shape,3,81,0.009031238344990866,4
shape,3,82,-0.012861472172818078,5
shape,3,83,0.01047050700636798,3
shape,3,84,-0.00969692194142402,5
shape,3,85,0.008882732267384674,4
shape,3,86,-0.005488575654239547,4
shape,3,87,-0.008211167597319435,5
shape,3,88,-0.005249728870299397,4
shape,3,89,0.011611808838651427,2
shape,3,90,0.0013703873255948018,4
shape,3,91,-0.003582374436002178,6
shape,3,92,0.013139514559339704,4
shape,3,93,0.006154935452147736,6
shape,3,94,0.007818996521778532,4
shape,3,95,-0.003111620805930304,5
shape,3,96,-0.007597977040561865,5
shape,3,97,-0.002637111511280321,5
shape,3,98,0.005845706623638813,4
shape,3,99,0.0001783617295801898,5
shape,4,0,-0.002223849747253759,5
shape,4,1,0.011483909341064913,4
shape,4,2,-0.003622565676085987,5
shape,4,3,0.0014657875578756308,4
shape,4,4,-0.001185006932270638,4
shape,4,5,0.005943697526926139,4
shape,4,6,0.0022276425186792403,4
shape,4,7,-0.005379949388399141,5
shape,4,8,0.010858975091773249,5
shape,4,9,0.01240044649973937,4
shape,4,10,0.014112655396265383,4
shape,4,11,0.010159917719415934,4
shape,4,12,0.010767827341500169,2
shape,4,13,0.005359192385037126,4
shape,4,14,0.022602765401604108,5
shape,4,15,0.009953246577206198,3
shape,4,16,0.014997724912633403,4
shape,4,17,0.014491977260527533,5
shape,4,18,-0.008435883360010332,4
shape,4,19,-0.008867224740671253,5
shape,4,20,0.02453850865396079,4
shape,4,21,0.01322330408656125,3
shape,4,22,0.01003454073833332,4
shape,4,23,0.0008610756290253763,4
shape,4,24,0.025850539304319353,4
shape,4,25,0.014269627783436434,3
shape,4,26,0.006896671457899739,4
shape,4,27,-0.00850819502245792,4
shape,4,28,0.014411795317450626,4
shape,4,29,0.015104688231211028,4
shape,4,30,0.0005745716629600439,4
shape,4,31,0.0013899684065969975,3
shape,4,32,0.008526456288091788,4
shape,4,33,-0.009415969236845734,5
shape,4,34,0.014214653178926784,4
shape,4,35,-0.003187774625140083,5
shape,4,36,0.01307836401433593,5
shape,4,37,-0.007584408050142932,6
shape,4,38,0.018189409587551886,4
shape,4,39,0.010479039245250732,2
shape,4,40,0.0033114996795230445,4
shape,4,41,-0.0019034000038886667,4
shape,4,42,0.008475209873754719,3
shape,4,43,-0.004283619335140432,5
shape,4,44,-0.005779759698536613,4
shape,4,45,-0.006967734206125842,5
shape,4,46,0.003966542733176537,4
shape,4,47,-0.002293884497164167,4
shape,4,48,-8.574146946360717e-05,4
shape,4,49,-0.0073523718702727114,4
shape,4,50,0.014907041247087083,3
shape,4,51,-0.007609303034256443,4
shape,4,52,0.0010510503715094321,4
shape,4,53,-0.009235661929919203,5
shape,4,54,-0.0017676579709251516,4
shape,4,55,-0.000379972469315093,4
shape,4,56,-0.007738148282565138,5
shape,4,57,-0.004750368864532839,5
shape,4,58,-0.006675535786458853,4
shape,4,59,-0.004936401708481197,5
shape,4,60,-0.0038279016707535307,4
shape,4,61,-0.002012764796963218,4
shape,4,62,0.021205550680976404,5
shape,4,63,-0.005442325606369036,4
shape,4,64,-0.00936972224718402,5
shape,4,65,0.009840828847167082,4
shape,4,66,-0.006483085123966559,5
shape,4,67,0.004296157247137722,4
shape,4,68,0.008240546008568939,2
shape,4,69,0.0007603467375117967,5
shape,4,70,0.012178326327850542,2
shape,4,71,-0.006666403507753493,5
shape,4,72,0.008638219125549185,5
shape,4,73,-0.011013124693913912,5
shape,4,74,-0.003572106481971704,4
shape,4,75,-0.0013392031170020857,4
shape,4,76,0.006984101844514701,2
shape,4,77,-0.009260414005576423,4
shape,4,78,-0.0052297090357579235,5
shape,4,79,0.013825566582297277,3
shape,4,80,0.0135250268160223,4
shape,4,81,-0.008796158502212825,5
shape,4,82,-0.007583033748074897,5
shape,4,83,0.0006994594337909055,4
shape,4,84,0.0024157713882745346,4
shape,4,85,0.01357871044983927,5
shape,4,86,-0.005320550264774404,4
shape,4,87,0.005231458411180778,5
shape,4,88,0.004839063925828446,5
shape,4,89,-0.0077555482336116865,5
shape,4,90,-0.005488334719201293,5
shape,4,91,0.003989502469403772,5
shape,4,92,0.019250615567261375,4
shape,4,93,-0.006106684467817591,5
shape,4,94,0.0018943926858147053,5
shape,4,95,0.0032621941038851743,6
shape,4,96,0.0027183157308352524,5
shape,4,97,0.007827911030151125,3
shape,4,98,0.01204908454920628,4
shape,4,99,0.014330412990978258,4
shape,6,0,-0.0028751659601693458,5
shape,6,1,0.0017704451554654277,5
shape,6,2,0.006261020525035299,6
shape,6,3,0.006937977886785074,4
shape,6,4,-0.003549333303797919,5
shape,6,5,0.00022084415949574776,4
shape,6,6,-0.00026826880445007806,4
shape,6,7,0.014191108641796513,3
shape,6,8,-0.011239739254161774,6
shape,6,9,0.006136588064512893,4
shape,6,10,0.006057993648111104,4
shape,6,11,-0.0006762921245946352,4
shape,6,12,0.005105183335873842,5
shape,6,13,-0.00607579138844172,5
shape,6,14,0.008073359356917553,4
shape,6,15,0.0052722510706755266,4
shape,6,16,-0.0008096827638819359,4
shape,6,17,0.02559857467596105,4
shape,6,18,0.01503084327491988,3
shape,6,19,0.009138905997077895,4
shape,6,20,0.008557135432378571,5
shape,6,21,-0.0024534472374401206,4
shape,6,22,0.01888487217576984,3
shape,6,23,-0.005848627333154388,5
shape,6,24,0.007444405499260176,4
shape,6,25,-0.0024840632115863404,5
shape,6,26,-0.004704153763086638,5
shape,6,27,-0.007916376811669346,5
shape,6,28,-0.004787764833828256,5
shape,6,29,0.008908475909899072,4
shape,6,30,0.01163548118704516,4
shape,6,31,0.011575454836517896,5
shape,6,32,0.004250193410536673,4
shape,6,33,0.004955130458964119,4
shape,6,34,0.00100668991377173,4
shape,6,35,0.0006892176861155175,4
shape,6,36,-0.0014705016534902748,4
shape,6,37,0.010695631279719287,4
shape,6,38,-0.010579126284720464,5
shape,6,39,0.0031616854476422818,4
shape,6,40,0.012682169282975608,4
shape,6,41,0.014772465443800953,5
shape,6,42,0.023631826083345464,4
shape,6,43,0.014642311758585769,3
shape,6,44,-0.004703398211754362,4
shape,6,45,-4.916207368999004e-05,4
shape,6,46,0.001969710938451885,4
shape,6,47,0.012729124439504025,4
shape,6,48,0.002775190220454249,3
shape,6,49,0.0026574798641333386,6
shape,6,50,0.004605008139656586,4
shape,6,51,0.005552241947185066,3
shape,6,52,0.006307410934169977,4
shape,6,53,-0.004902562107153008,5
shape,6,54,0.010813824016438489,5
shape,6,55,0.02450286364486587,3
shape,6,56,0.018373491097843364,4
shape,6,57,0.004677304367131763,5
shape,6,58,0.015056216278116596,3
shape,6,59,-0.007691783891929926,5
shape,6,60,-0.0011613528847068677,5
shape,6,61,0.002588525036978373,4
shape,6,62,-0.004361192781337286,4
shape,6,63,-0.003657677898417533,4
shape,6,64,0.010260057622293539,2
shape,6,65,0.004717541380895418,5
shape,6,66,0.019402740706911836,4
shape,6,67,-0.010351336032710878,5
shape,6,68,-0.005471192133213565,4
shape,6,69,-0.008548548183571758,5
shape,6,70,0.013913107171912742,4
shape,6,71,0.0010999836879962421,5
shape,6,72,0.015903754763073708,4
shape,6,73,-0.012823906504091709,5
shape,6,74,0.013496444975167221,2
shape,6,75,-0.006256863368618859,5
shape,6,76,-0.0033219271764671765,4
shape,6,77,0.010520424299086284,4
shape,6,78,0.005563630282385934,4
shape,6,79,-0.0062066295664156,4
shape,6,80,0.012462789365784599,2
shape,6,81,0.015517408857217196,3
shape,6,82,0.012022588043388516,5
shape,6,83,-0.006709603529942987,5
shape,6,84,0.0123175447408288,4
shape,6,85,0.00582759305392444,4
shape,6,86,-0.0037337745944112655,4
shape,6,87,0.0012669883221865241,5
shape,6,88,0.015659559309356363,4
shape,6,89,0.004953750080986752,5
shape,6,90,0.015608485794659122,5
shape,6,91,0.028346786020418624,4
shape,6,92,-0.0031232331591680706,5
shape,6,93,0.017273935963276754,4
shape,6,94,-0.005739715770776033,5
shape,6,95,0.014372270480800475,4
shape,6,96,-0.005932526724299558,4
shape,6,97,-0.00782648657449092,4
shape,6,98,0.0028741463511976484,4
shape,6,99,0.015327514304529943,4
shape,8,0,5.731309651801908e-05,4
shape,8,1,0.018574202888507974,3
shape,8,2,0.000411139653904824,5
shape,8,3,0.0009913318743256516,4
shape,8,4,0.012441758628368826,4
shape,8,5,-0.007003639272067375,5
shape,8,6,0.0009077317829641052,4
shape,8,7,0.0015245779433584739,4
shape,8,8,-0.0024397508435992643,5
shape,8,9,-0.010417663939766508,5
shape,8,10,0.0030175982648125155,5
shape,8,11,0.0035369961674796002,4
shape,8,12,0.005671928544162319,5
shape,8,13,-0.0010386401347662888,4
shape,8,14,0.02218199699283563,4
shape,8,15,0.004635299495871936,5
shape,8,16,0.022601701388433315,5
shape,8,17,0.010210030700044448,4
shape,8,18,0.01366089415386984,4
shape,8,19,0.0006647243221268306,4
shape,8,20,0.008394338595593354,4
shape,8,21,0.018618168316785977,4
shape,8,22,0.003834871485001279,6
shape,8,23,0.006776564796204587,4
shape,8,24,0.006246256573810505,5
shape,8,25,0.0069323992056049555,4
shape,8,26,0.016083645601557617,3
shape,8,27,-0.002407824288076954,5
shape,8,28,0.023687981479183273,4
shape,8,29,-0.007946190185800672,5
shape,8,30,0.015192625209404675,3
shape,8,31,-0.007914435620281712,5
shape,8,32,0.023192281351425814,4
shape,8,33,0.0189649868304681,3
shape,8,34,0.018091753360262586,4
shape,8,35,-0.008294524767219924,4
shape,8,36,0.02503574768116046,3
shape,8,37,0.012443985263771551,3
shape,8,38,0.01374769238665019,3
shape,8,39,0.015178080903659685,3
shape,8,40,-0.00028499003170778803,5
shape,8,41,0.004395556926255262,4
shape,8,42,0.002648651206171304,5
shape,8,43,0.0008465483895566672,4
shape,8,44,0.004393102820472672,4
shape,8,45,0.00021009747667355416,5
shape,8,46,-0.0038820386837067344,5
shape,8,47,0.026666674835973958,3
shape,8,48,-0.0006864530845945849,5
shape,8,49,-0.0025622147496094927,4
shape,8,50,-0.0011873687433698876,4
shape,8,51,-0.003571862259775127,4
shape,8,52,0.01679044525929385,4
shape,8,53,0.004398897177457117,5
shape,8,54,-0.007672985085914963,5
shape,8,55,0.015798108904969577,3
shape,8,56,-0.01012814781262783,5
shape,8,57,0.007005000543978013,5
shape,8,58,0.01381732118965362,4
shape,8,59,-0.004887327941650477,5
shape,8,60,0.01040998045536845,3
shape,8,61,0.0017693212600115027,6
shape,8,62,0.012963002464936646,4
shape,8,63,0.0008419252139137967,4
shape,8,64,0.023888678262424246,4
shape,8,65,0.0030995463541579893,4
shape,8,66,0.018894637538278913,3
shape,8,67,0.029490296979569508,3
shape,8,68,-0.004187182580461468,5
shape,8,69,0.00488209869365952,5
shape,8,70,0.01804862021746778,5
shape,8,71,-0.0008168370091714561,5
shape,8,72,0.01411033400581041,4
shape,8,73,0.024205009877133588,4
shape,8,74,-0.007623222167814858,5
shape,8,75,-0.0019937187127605505,4
shape,8,76,0.0023883283846938275,4
shape,8,77,0.004456602817200062,4
shape,8,78,-0.008078148615191294,4
shape,8,79,0.0024034138810237193,4
shape,8,80,5.9751706000255034e-05,4
shape,8,81,0.007111774739265497,4
shape,8,82,0.012276577005839284,3
shape,8,83,0.004372550363909933,4
shape,8,84,0.00819925856263326,4
shape,8,85,-0.0026026536522687493,4
shape,8,86,-0.004508007182624341,5
shape,8,87,0.021899486938738333,3
shape,8,88,-0.0011277369640468882,4
shape,8,89,0.010145236463190432,4
shape,8,90,0.0030635628651597413,4
shape,8,91,0.010024599731212835,4
shape,8,92,-0.0031299926269739986,5
shape,8,93,0.002606938251664803,4
shape,8,94,2.892449415536902e-07,4
shape,8,95,0.011595291142315278,4
shape,8,96,0.009429870971852439,4
shape,8,97,-0.007484210352912468,5
shape,8,98,-0.004677494602984278,5
shape,8,99,0.010325877217176815,3
shape,12,0,-0.004996255524886362,5
shape,12,1,0.020535608231641023,3
shape,12,2,0.004880774201392768,4
shape,12,3,0.0009751483440066933,4
shape,12,4,0.001818133079551032,4
shape,12,5,0.012287092417192835,5
shape,12,6,-0.0029713928620583863,4
shape,12,7,-0.0049130395725729414,4
shape,12,8,0.013117456406105177,4
shape,12,9,-0.0018789993215131418,4
shape,12,10,-0.003885923053567275,4
shape,12,11,0.010662411182269516,4
shape,12,12,0.005680309457396504,5
shape,12,13,0.019395937951457998,3
shape,12,14,0.007593996088703259,4
shape,12,15,0.009346818157940806,4
shape,12,16,0.004805395872395035,4
shape,12,17,0.01854035400706122,5
shape,12,18,0.004437365767435586,3
shape,12,19,0.007576751998249587,4
shape,12,20,0.0012029972000656697,4
shape,12,21,0.004584562217827881,4
shape,12,22,0.022826625406373147,4
shape,12,23,0.0019159154876097206,6
shape,12,24,0.0024552458818746237,4
shape,12,25,-0.00047674222274918243,4
shape,12,26,0.0046032421881325725,3
shape,12,27,0.007392020082213513,5
shape,12,28,-0.00260771474253918,4
shape,12,29,0.003728455482043924,4
shape,12,30,0.01916795036235619,4
shape,12,31,-0.0018337542174281518,4
shape,12,32,0.0012779996416820705,4
shape,12,33,0.007301150648926336,5
shape,12,34,0.023677151196451862,4
shape,12,35,0.006729726704532868,4
shape,12,36,-0.0005959555658801019,4
shape,12,37,0.00434153436589646,4
shape,12,38,0.004065739448075201,5
shape,12,39,0.017612818054882573,4
shape,12,40,-0.004350346086114509,5
shape,12,41,0.0010055857348589825,4
shape,12,42,0.005651445686714052,4
shape,12,43,0.0018044893564641562,4
shape,12,44,0.012524223018241631,4
shape,12,45,0.011274225260472837,4
shape,12,46,0.017356406479577036,4
shape,12,47,0.02071388124672624,4
shape,12,48,0.02171627798750897,4
shape,12,49,0.004867807169522065,4
shape,12,50,0.020532147500406328,3
shape,12,51,-0.008043548649920518,5
shape,12,52,0.02309029810119767,3
shape,12,53,0.011020143156038609,4
shape,12,54,0.012259347168707135,4
shape,12,55,0.0067022369135475435,4
shape,12,56,0.021185384218103676,2
shape,12,57,0.009338273587677914,4
shape,12,58,0.011622061065328038,5
shape,12,59,0.007085141741026035,4
shape,12,60,0.002587869218496963,4
shape,12,61,0.0017270353431427798,5
shape,12,62,-0.002674586756499231,4
shape,12,63,0.006173668119420328,4
shape,12,64,0.004670950805577889,4
shape,12,65,0.021076674119149486,4
shape,12,66,0.01707425419732611,4
shape,12,67,0.015718234377682716,4
shape,12,68,-0.0016388671036720037,4
shape,12,69,-0.004031947741159114,4
shape,12,70,0.016202657383443952,2
shape,12,71,0.015653173523235697,4
shape,12,72,0.0007720802535780003,5
shape,12,73,0.010618645816848793,4
shape,12,74,0.01861655650423566,4
shape,12,75,0.011690025326993925,4
shape,12,76,0.028847405165485562,4
shape,12,77,0.013466756715394212,4
shape,12,78,0.013846018822390449,4
shape,12,79,0.022726462362122835,4
shape,12,80,0.003748720003203032,4
shape,12,81,0.013614091298439934,3
shape,12,82,0.0018637831549564998,4
shape,12,83,0.006651836312703385,5
shape,12,84,0.010363182767589851,4
shape,12,85,0.01710819583813672,3
shape,12,86,0.024967643555558916,4
shape,12,87,-0.004545732374582223,4
shape,12,88,0.0030693003385893203,4
shape,12,89,0.007127266786072672,4
shape,12,90,-0.0018331879470079304,5
shape,12,91,0.01829720767193166,4
shape,12,92,0.004772019421222851,4
shape,12,93,-0.0006564686123289309,4
shape,12,94,0.024904290659279682,4
shape,12,95,0.021904680404408072,4
shape,12,96,-0.0005108152593296111,4
shape,12,97,0.008916479163887825,4
shape,12,98,0.016802337991277394,3
shape,12,99,0.009384925033466107,5
shape,16,0,0.015117537117561586,5
shape,16,1,0.011220299487327723,4
shape,16,2,0.0008157593773876481,5
shape,16,3,0.01675380481279276,3
shape,16,4,0.024278138961567164,4
shape,16,5,0.006728554773087536,4
shape,16,6,0.0055915981822310945,5
shape,16,7,0.03008333805897989,3
shape,16,8,0.01061946795598323,5
shape,16,9,0.01672961246644633,4
shape,16,10,0.0016741454414328505,5
shape,16,11,0.01491334197947991,4
shape,16,12,0.01205591945347484,4
shape,16,13,0.004457743644489365,5
shape,16,14,0.008395707392563012,4
shape,16,15,0.0057984373213438856,4
shape,16,16,0.023569258287777894,2
shape,16,17,0.0035323269363869425,5
shape,16,18,0.025410442139250478,4
shape,16,19,0.009408626032351486,4
shape,16,20,0.0017229848227525713,4
shape,16,21,0.003349118662825945,3
shape,16,22,0.0169670074248206,4
shape,16,23,0.01984966068522509,4
shape,16,24,-0.0007502190320521906,4
shape,16,25,0.008875180976750219,4
shape,16,26,0.014590416347813773,4
shape,16,27,0.012462080416220545,4
shape,16,28,0.012261383849411556,4
shape,16,29,0.020670010701338226,4
shape,16,30,0.018110049325478994,3
shape,16,31,0.017328599219180063,3
shape,16,32,0.011863799968067412,4
shape,16,33,0.00888180729785848,4
shape,16,34,0.02437698165519231,4
shape,16,35,0.010036419930577467,5
shape,16,36,0.011377742032762872,4
shape,16,37,0.0069033691583062495,5
shape,16,38,0.007272034455001464,5
shape,16,39,0.016779226779064182,3
shape,16,40,0.013545263360794535,4
shape,16,41,0.004783069482624858,4
shape,16,42,0.015649202075872504,4
shape,16,43,0.024487928723247232,4
shape,16,44,0.01622940708188314,4
shape,16,45,0.007647067987405998,5
shape,16,46,0.0032303580672140564,3
shape,16,47,0.03274923538641683,4
shape,16,48,0.006328950744022177,4
shape,16,49,0.023212345072672225,3
shape,16,50,0.0024215177490722883,4
shape,16,51,-0.003939260904381348,4
shape,16,52,0.012375249678012512,4
shape,16,53,0.01641381778664497,4
shape,16,54,0.017326613092540244,4
shape,16,55,-0.0022852749704908026,5
shape,16,56,0.022360152632949215,2
shape,16,57,0.021265400655440136,4
shape,16,58,0.010172783700516996,5
shape,16,59,0.011802985306172853,4
shape,16,60,0.006836361994290163,4
shape,16,61,0.005626699525198564,4
shape,16,62,0.013721932250944313,4
shape,16,63,0.014367690060597793,4
shape,16,64,-0.002229156257243403,4
shape,16,65,0.003581622407918039,4
shape,16,66,0.012006251316012628,4
shape,16,67,0.01756352899523761,3
shape,16,68,0.007559715663047695,4
shape,16,69,-0.006062338527574762,5
shape,16,70,0.014100915191553987,4
shape,16,71,0.02879685435099133,4
shape,16,72,0.01018290061669036,3
shape,16,73,0.017549670116687843,4
shape,16,74,0.02642872948069197,4
shape,16,75,0.003943401570806193,4
shape,16,76,0.01465021814086731,3
shape,16,77,0.011194562838988231,4
shape,16,78,0.0034270364848019153,4
shape,16,79,0.0004213351524783304,4
shape,16,80,0.0027742303850755157,5
shape,16,81,0.015833085384004075,4
shape,16,82,0.023264652299915367,4
shape,16,83,0.028241233795168297,3
shape,16,84,0.003930949188910682,4
shape,16,85,0.031221749727576742,3
shape,16,86,-0.006465848455472045,5
shape,16,87,0.012025215124222055,4
shape,16,88,0.018392389187858682,4
shape,16,89,0.021813710146388998,3
shape,16,90,0.004275555714709611,4
shape,16,91,0.007129652757618343,5
shape,16,92,-0.005202716810512764,4
shape,16,93,0.007145826651989817,4
shape,16,94,0.00619054141196651,4
shape,16,95,0.026594213467481476,4
shape,16,96,0.0061780846495030906,3
shape,16,97,-0.0030755643485232964,5
shape,16,98,0.005963381057561334,4
shape,16,99,0.02069744827747544,3
shape,20,0,0.021114464696065594,4
shape,20,1,0.010195803676285142,4
shape,20,2,0.01205811427101311,4
shape,20,3,0.015146457610326625,4
shape,20,4,0.03151369822193295,3
shape,20,5,0.01096048761066526,4
shape,20,6,0.028797052892229003,3
shape,20,7,0.01624038430876118,3
shape,20,8,0.004924532624443034,4
shape,20,9,0.022138201400429325,4
shape,20,10,0.014544431258601054,5
shape,20,11,0.021003554071618913,3
shape,20,12,0.012780380410959413,4
shape,20,13,0.021266340459084154,4
shape,20,14,0.017304740112589312,3
shape,20,15,0.004054724453121827,4
shape,20,16,0.0024868600094072324,5
shape,20,17,0.018546252809035768,4
shape,20,18,0.023019886970142123,4
shape,20,19,0.0031459673499703023,5
shape,20,20,0.015729768837514313,4
shape,20,21,0.019021270092934195,4
shape,20,22,0.030424519908803904,3
shape,20,23,0.005657005466165987,4
shape,20,24,0.03204978452464047,3
shape,20,25,0.02577767033895928,4
shape,20,26,0.01129427288334206,4
shape,20,27,0.007066052765120734,4
shape,20,28,0.01930764750724856,5
shape,20,29,0.014040528908353278,4
shape,20,30,0.014635293291668572,4
shape,20,31,0.004768315031841608,4
shape,20,32,0.021610216837306795,4
shape,20,33,0.01843694769219817,5
shape,20,34,0.013439558079939573,4
shape,20,35,0.026139561433315972,4
shape,20,36,0.022333946178484276,2
shape,20,37,0.01273619335602838,4
shape,20,38,0.024661000430107327,3
shape,20,39,0.018495744213838705,4
shape,20,40,0.023151315216086377,4
shape,20,41,0.00989266513944298,4
shape,20,42,0.02249445458427879,4
shape,20,43,0.008387748096208347,4
shape,20,44,-0.0032389407327511055,5
shape,20,45,0.010416515404118032,3
shape,20,46,0.002067515046934365,4
shape,20,47,0.000785797741340466,5
shape,20,48,0.008752534753200036,4
shape,20,49,0.010950036398089336,4
shape,20,50,0.017414519635625347,4
shape,20,51,0.0059477251024687705,4
shape,20,52,-6.635352510919734e-05,4
shape,20,53,0.0032728459503380547,4
shape,20,54,0.006833585946883103,4
shape,20,55,0.01514189737099414,3
shape,20,56,0.010593242320983354,4
shape,20,57,0.02457375635000303,4
shape,20,58,0.03222565195463667,3
shape,20,59,0.014123203197042189,4
shape,20,60,0.006956195245175323,4
shape,20,61,0.017951332243814067,3
shape,20,62,0.023495751275731114,4
shape,20,63,0.016565778681053356,4
shape,20,64,0.00961581331186645,4
shape,20,65,0.016756712764948944,4
shape,20,66,0.009165175797464897,5
shape,20,67,0.005968607931940206,4
shape,20,68,0.010277130823787672,4
shape,20,69,0.021806287040419314,4
shape,20,70,0.009079794152973664,4
shape,20,71,0.008861783207960827,3
shape,20,72,0.011301856999924476,5
shape,20,73,0.009387475440409854,4
shape,20,74,0.003984407166605419,4
shape,20,75,0.01319464224527056,4
shape,20,76,0.0029247299828130124,4
shape,20,77,0.021383841475689613,3
shape,20,78,0.006856085825606817,4
shape,20,79,0.024218963233257895,4
shape,20,80,0.016230938704667075,3
shape,20,81,0.023986005128427967,4
shape,20,82,0.006666397728243512,4
shape,20,83,0.01892540986406377,4
shape,20,84,0.003962824217262795,4
shape,20,85,0.023314956673492482,4
shape,20,86,0.02388057604914029,4
shape,20,87,0.0011808295038504557,4
shape,20,88,0.019025372979609156,4
shape,20,89,0.002791677155189909,4
shape,20,90,0.02344597040916685,4
shape,20,91,0.029825055558118985,4
shape,20,92,0.002592047341917203,4
shape,20,93,0.006126255898557087,4
shape,20,94,-0.0070858380166469725,5
shape,20,95,0.003644066696011916,4
shape,20,96,0.008903118495012574,3
shape,20,97,0.019847560275323972,4
shape,20,98,0.02384480671582989,4
shape,20,99,0.005287166914261232,4
shape,24,0,0.011043193147664332,4
shape,24,1,0.01851012124023621,4
shape,24,2,0.017036041234170574,4
shape,24,3,0.0037934730531690164,4
shape,24,4,0.024490761999446442,4
shape,24,5,0.01101493846726076,4
shape,24,6,0.022277880299756414,4
shape,24,7,0.017029803063022153,4
shape,24,8,0.029648978477560428,2
shape,24,9,0.017845416490936294,4
shape,24,10,0.006343478128117641,4
shape,24,11,0.02473479999556427,2
shape,24,12,0.001226058139895958,4
shape,24,13,0.02920083124133277,4
shape,24,14,0.022779025278524268,4
shape,24,15,0.013548296925263159,4
shape,24,16,0.00018443766425213504,5
shape,24,17,0.02264951564482065,4
shape,24,18,0.010332562329780859,4
shape,24,19,0.006699487438503349,4
shape,24,20,0.014248256682752092,3
shape,24,21,0.022991627248275415,4
shape,24,22,0.01720933908789779,3
shape,24,23,0.015337111604685538,4
shape,24,24,0.02087391419173812,4
shape,24,25,0.020615769451061028,2
shape,24,26,0.024919112035506785,4
shape,24,27,0.022807965026021004,3
shape,24,28,0.019496253407239816,4
shape,24,29,-0.005114648997856519,5
shape,24,30,0.026023367770072636,2
shape,24,31,0.020349002936849825,4
shape,24,32,0.026479398851354863,4
shape,24,33,0.0110424749386544,4
shape,24,34,0.013627482688264636,4
shape,24,35,0.01898009843264903,4
shape,24,36,0.010165319440338272,4
shape,24,37,0.02180783554097032,4
shape,24,38,0.020497521542770847,4
shape,24,39,0.030888789436833264,2
shape,24,40,0.0096928879689816,4
shape,24,41,0.018078102273506702,4
shape,24,42,0.02501138017540394,2
shape,24,43,0.023173655919654257,4
shape,24,44,0.013357578176245721,3
shape,24,45,0.012551155002600178,4
shape,24,46,0.019124737142804604,4
shape,24,47,0.023661214864916014,4
shape,24,48,0.02811675113499712,4
shape,24,49,0.01515603106949992,5
shape,24,50,0.013552036720438143,4
shape,24,51,0.026659922020475846,4
shape,24,52,0.026669320116607942,4
shape,24,53,0.017580942036206082,3
shape,24,54,0.004288888624742859,4
shape,24,55,0.0243245679748173,4
shape,24,56,0.020318168030746375,3
shape,24,57,0.01811966002664611,3
shape,24,58,0.008653211507997804,4
shape,24,59,0.010085352980351514,4
shape,24,60,0.01327511476962595,3
shape,24,61,0.024619312672760185,4
shape,24,62,0.011326124077035482,4
shape,24,63,0.009798164429075107,4
shape,24,64,0.007440990832238037,4
shape,24,65,0.007110991491490193,4
shape,24,66,0.01816643252849337,3
shape,24,67,0.003465187522569746,4
shape,24,68,0.008078504570426137,5
shape,24,69,0.020987427191644925,4
shape,24,70,0.014927608444789575,4
shape,24,71,0.010615081628733591,4
shape,24,72,0.01536916144212519,4
shape,24,73,0.022682118743729385,4
shape,24,74,0.025649795406677223,3
shape,24,75,0.009513983432905326,4
shape,24,76,0.021263728632320955,4
shape,24,77,0.011094463017972567,4
shape,24,78,0.01318028161221918,5
shape,24,79,0.0208447913698121,4
shape,24,80,0.03274573500997713,3
shape,24,81,0.01949545178493206,4
shape,24,82,0.008770984451249575,4
shape,24,83,0.01963439651468546,4
shape,24,84,0.022423467974439837,4
shape,24,85,0.01961958872101066,2
shape,24,86,0.01360113159278764,4
shape,24,87,0.02786118553396033,4
shape,24,88,0.024148745545675254,4
shape,24,89,0.027591176676672324,4
shape,24,90,0.016213113567072335,3
shape,24,91,0.015971742730802818,4
shape,24,92,0.011745025958486144,4
shape,24,93,0.011373692883469233,4
shape,24,94,0.021896513871997425,5
shape,24,95,0.014807084268048665,4
shape,24,96,0.012048774249919014,4
shape,24,97,0.025222283565815018,3
shape,24,98,0.00835647088787228,4
shape,24,99,-0.0016605682925401322,5
shape,28,0,0.021606651816969857,2
shape,28,1,0.020792702568687704,4
shape,28,2,0.015187963467234389,4
shape,28,3,0.02246049991318977,4
shape,28,4,0.02536035950874649,4
shape,28,5,0.009076893945818676,4
shape,28,6,0.019608113982444886,2
shape,28,7,0.023421313880685246,4
shape,28,8,0.023669683013878617,4
shape,28,9,0.015924273656443,4
shape,28,10,0.02599721536326416,4
shape,28,11,0.0028813625928989506,4
shape,28,12,0.023385653002606865,4
shape,28,13,0.028314939015836704,4
shape,28,14,0.024732608856503968,2
shape,28,15,0.02269543131479035,4
shape,28,16,0.026588854964730735,4
shape,28,17,0.02506756006641342,4
shape,28,18,0.02125524793442246,4
shape,28,19,0.010016483783685248,4
shape,28,20,0.023678038850317384,3
shape,28,21,0.01656153417839834,3
shape,28,22,0.011199011513039925,4
shape,28,23,0.01926502610504255,4
shape,28,24,0.029460021326055186,2
shape,28,25,0.011105408056950594,4
shape,28,26,0.03185226808042718,4
shape,28,27,0.023951053593044058,4
shape,28,28,0.019682679538477688,4
shape,28,29,0.020240935251344738,4
shape,28,30,0.006938179771666886,4
shape,28,31,0.017160494154736083,4
shape,28,32,0.023778656169760493,3
shape,28,33,0.016077957313750724,4
shape,28,34,0.023748694960735617,4
shape,28,35,0.018925813157600446,4
shape,28,36,0.014865534878670483,4
shape,28,37,0.013352509481058927,4
shape,28,38,0.006575905225769563,4
shape,28,39,0.014034465679218178,4
shape,28,40,0.014884671862278043,4
shape,28,41,0.013536267619382536,4
shape,28,42,0.02332587982279133,4
shape,28,43,0.027470550882944922,4
shape,28,44,0.016821663202777226,3
shape,28,45,0.02677891561697776,2
shape,28,46,0.016715691449542214,4
shape,28,47,0.024340680979691887,4
shape,28,48,0.015744870620272855,4
shape,28,49,0.013954325134267753,4
shape,28,50,0.03021931967387792,3
shape,28,51,0.007344361324877702,4
shape,28,52,0.022346422902742802,4
shape,28,53,0.01600777245344498,4
shape,28,54,0.02492638182002782,4
shape,28,55,0.026866506099323062,4
shape,28,56,0.017799470159598374,4
shape,28,57,0.02166748625029591,4
shape,28,58,0.021390718969275913,3
shape,28,59,0.022797054592678445,3
shape,28,60,0.014932397537244402,4
shape,28,61,0.025003938058000497,4
shape,28,62,0.018363567943307846,4
shape,28,63,0.01260478156822964,4
shape,28,64,0.009630202005271205,4
shape,28,65,0.016393386752030614,4
shape,28,66,0.02333486236838589,4
shape,28,67,0.024428357474326923,4
shape,28,68,0.02263742505872013,4
shape,28,69,0.0266149688832783,4
shape,28,70,0.020863630732378513,4
shape,28,71,0.025530563874128664,4
shape,28,72,0.014230534171752351,4
shape,28,73,0.024991129299518633,4
shape,28,74,0.02748171785595932,4
shape,28,75,0.027579830837861308,3
shape,28,76,0.015452443742463018,4
shape,28,77,0.01911817383059211,4
shape,28,78,0.007183086844520514,4
shape,28,79,0.024576076770917776,4
shape,28,80,0.011183513017895552,4
shape,28,81,0.014835044583884627,3
shape,28,82,0.013415054197935428,4
shape,28,83,0.02178839301546831,4
shape,28,84,0.0225400753550018,4
shape,28,85,0.014564402783676211,4
shape,28,86,0.02725394871265807,4
shape,28,87,0.021632159592925748,2
shape,28,88,0.0065957409553257795,4
shape,28,89,0.02088817989120073,4
shape,28,90,0.030673297880100203,3
shape,28,91,0.024354145916334224,4
shape,28,92,0.01864313281034846,3
shape,28,93,0.02546165802986744,4
shape,28,94,0.025742668784913936,4
shape,28,95,0.01678493196061237,4
shape,28,96,0.018315729502228928,4
shape,28,97,0.02662425950147629,4
shape,28,98,0.010770511388451753,5
shape,28,99,0.008277073795555423,4
shape,32,0,0.022553353459628056,3
shape,32,1,0.008835892565641212,4
shape,32,2,0.0266806255735057,4
shape,32,3,0.020969686100258955,4
shape,32,4,0.02200053627857612,4
shape,32,5,0.02584570409038134,4
shape,32,6,0.025652089120722144,4
shape,32,7,0.02466075458541994,4
shape,32,8,0.012720225500070126,4
shape,32,9,0.02945640343647793,4
shape,32,10,0.026168903255545994,4
shape,32,11,0.024666507930821147,4
shape,32,12,0.029339070453997973,4
shape,32,13,0.019872710754986755,4
shape,32,14,0.02675836449736091,4
shape,32,15,0.017672473197622218,4
shape,32,16,0.010508911159611056,4
shape,32,17,0.015888600246425022,4
shape,32,18,0.02404387627626614,4
shape,32,19,0.024088141743574876,3
shape,32,20,0.006394453511146758,4
shape,32,21,0.0257072736075441,4
shape,32,22,0.02502257351049464,4
shape,32,23,0.023010166023090695,4
shape,32,24,0.021279404724593776,4
shape,32,25,0.02719425353660787,4
shape,32,26,0.02520299587188457,3
shape,32,27,0.02483121137665978,4
shape,32,28,0.02440157697263201,4
shape,32,29,0.026764574420364173,4
shape,32,30,0.02189591912724398,4
shape,32,31,0.0316018859856988,4
shape,32,32,0.027904730461951632,4
shape,32,33,0.02414516425927682,4
shape,32,34,0.023066597009548273,4
shape,32,35,0.028635223432806556,4
shape,32,36,0.01950083596541652,4
shape,32,37,0.021908190867787947,4
shape,32,38,0.024273672320003103,4
shape,32,39,0.01761039556839128,4
shape,32,40,0.023062028729481487,4
shape,32,41,0.023720590043708967,4
shape,32,42,0.024200433348875894,4
shape,32,43,0.026652559056455916,4
shape,32,44,0.02420575956956028,4
shape,32,45,0.028839925504171804,4
shape,32,46,0.025060052785371822,2
shape,32,47,0.02913535437981629,3
shape,32,48,0.021768376845957338,4
shape,32,49,0.025315163103628247,4
shape,32,50,0.023375930768906983,4
shape,32,51,0.026836454752815486,4
shape,32,52,0.024292609564319667,4
shape,32,53,0.01519739909360207,4
shape,32,54,0.011634662262256401,4
shape,32,55,0.01876413633856977,4
shape,32,56,0.0191065548781596,4
shape,32,57,0.021208690630708182,4
shape,32,58,0.009371099181676001,4
shape,32,59,0.023018879065296427,4
shape,32,60,0.024112786427590627,4
shape,32,61,0.014835647377439809,4
shape,32,62,0.025605439789962214,4
shape,32,63,0.029613495169023896,4
shape,32,64,0.01626974628540534,4
shape,32,65,0.027085304373012153,4
shape,32,66,0.024619126654991552,4
shape,32,67,0.024849570384956388,4
shape,32,68,0.028293483370211092,4
shape,32,69,0.029939480061883295,4
shape,32,70,0.020479745469328292,4
shape,32,71,0.024116410468910998,3
shape,32,72,0.019266122778039296,4
shape,32,73,0.026562705674546105,4
shape,32,74,0.02979566934642086,4
shape,32,75,0.030665153193704553,4
shape,32,76,0.02684881550493068,4
shape,32,77,0.0156306067630837,4
shape,32,78,0.027062371322706724,4
shape,32,79,0.014219464322577702,4
shape,32,80,0.02579542011211533,2
shape,32,81,0.019779089937143945,3
shape,32,82,0.027702950399034143,4
shape,32,83,0.02816223827047848,4
shape,32,84,0.02672831119161434,4
shape,32,85,0.025438142669802155,3
shape,32,86,0.025713063645666723,4
shape,32,87,0.025462503092055222,4
shape,32,88,0.0247461701589895,4
shape,32,89,0.0288228907133663,4
shape,32,90,0.01301017892009515,4
shape,32,91,0.017272599755848606,4
shape,32,92,0.022514647881351046,4
shape,32,93,0.02568699550435105,4
shape,32,94,0.027384005704945036,4
shape,32,95,0.013025891863781447,4
shape,32,96,0.013070603619183774,4
shape,32,97,0.027705860692588513,4
shape,32,98,0.020203961002476012,4
shape,32,99,0.020964437149900483,4
shape,34,0,0.02509076008488209,4
shape,34,1,0.019910676042855013,2
shape,34,2,0.023005671445605835,3
shape,34,3,0.024880564121387838,4
shape,34,4,0.029629923427769156,4
shape,34,5,0.024209969179564528,4
shape,34,6,0.02676145743031577,4
shape,34,7,0.024346933583240138,4
shape,34,8,0.025433471419710862,4
shape,34,9,0.02463715921308285,4
shape,34,10,0.02514683165750653,4
shape,34,11,0.02046612004708781,4
shape,34,12,0.021164979560417074,4
shape,34,13,0.02396612683564714,4
shape,34,14,0.022477130915790955,4
shape,34,15,0.024977506213162415,3
shape,34,16,0.026984724463635645,4
shape,34,17,0.02223814673406077,4
shape,34,18,0.025154395228830007,4
shape,34,19,0.02386191547599248,4
shape,34,20,0.024720202571979044,4
shape,34,21,0.02775417630721444,4
shape,34,22,0.02532875344471397,4
shape,34,23,0.0237022324864522,4
shape,34,24,0.029320290753329314,4
shape,34,25,0.025038279800954744,4
shape,34,26,0.02387263778613269,4
shape,34,27,0.013187519443116136,4
shape,34,28,0.024168438840335926,4
shape,34,29,0.02547854346375389,4
shape,34,30,0.027074314997937332,4
shape,34,31,0.026729098948050645,4
shape,34,32,0.02404952004494043,4
shape,34,33,0.02544924132519555,4
shape,34,34,0.027622567018231625,4
shape,34,35,0.02785904897164726,4
shape,34,36,0.011179833483175194,4
shape,34,37,0.025477438318770695,4
shape,34,38,0.02117793194175277,4
shape,34,39,0.024669142051367943,4
shape,34,40,0.02546875630094525,4
shape,34,41,0.01915020393987099,4
shape,34,42,0.0249181361331271,4
shape,34,43,0.025353153691534125,4
shape,34,44,0.02480389627980606,4
shape,34,45,0.027902138603120297,4
shape,34,46,0.025790291961696465,4
shape,34,47,0.02986078481170018,4
shape,34,48,0.009744526660857789,4
shape,34,49,0.024807711546505518,4
shape,34,50,0.0198994212722039,4
shape,34,51,0.025149406061701685,4
shape,34,52,0.026988238369040407,4
shape,34,53,0.025521465212707484,4
shape,34,54,0.02819452096624553,4
shape,34,55,0.026201901597210697,4
shape,34,56,0.01387959091835167,4
shape,34,57,0.024918036282158385,4
shape,34,58,0.022863556264893226,3
shape,34,59,0.026096157363834638,4
shape,34,60,0.026267568418850362,4
shape,34,61,0.025521465212707484,4
shape,34,62,0.026433265059395916,4
shape,34,63,0.02586018218678232,4
shape,34,64,0.026784691893232293,4
shape,34,65,0.025923550118977512,4
shape,34,66,0.014204883073558716,4
shape,34,67,0.024937806324930145,2
shape,34,68,0.01856826558345337,4
shape,34,69,0.02487371605126265,4
shape,34,70,0.025963812252152718,4
shape,34,71,0.018126321867720452,4
shape,34,72,0.014513142756199304,4
shape,34,73,0.014350238525467351,4
shape,34,74,0.02424434293312583,4
shape,34,75,0.022299593825032327,3
shape,34,76,0.02067773297901787,4
shape,34,77,0.027902138603120297,4
shape,34,78,0.024832197852234894,4
shape,34,79,0.024489364737108943,4
shape,34,80,0.02538694649699058,4
shape,34,81,0.022418796452754908,4
shape,34,82,0.018146304617803866,4
shape,34,83,0.022320199228517468,3
shape,34,84,0.02146343607585921,4
shape,34,85,0.025573308095382496,4
shape,34,86,0.024866679634960254,4
shape,34,87,0.025530223162653964,4
shape,34,88,0.024749440486131702,4
shape,34,89,0.02516086655880001,4
shape,34,90,0.024912010123960493,4
shape,34,91,0.022644505227301992,3
shape,34,92,0.026315343878485775,4
shape,34,93,0.025701693491787414,4
shape,34,94,0.02210439048482793,3
shape,34,95,0.024853214427523973,4
shape,34,96,0.022184087164470068,3
shape,34,97,0.018793596728952422,4
shape,34,98,0.01827689569036417,4
shape,34,99,0.024649308127127956,4
shape,36,0,0.024791175394443088,4
shape,36,1,0.025757034911654264,4
shape,36,2,0.026752112275699513,4
shape,36,3,0.025007829685603666,4
shape,36,4,0.025202485783065276,4
shape,36,5,0.027162411074919235,4
shape,36,6,0.02502168745748068,4
shape,36,7,0.025757034911654264,4
shape,36,8,0.025757034911654264,4
shape,36,9,0.026328591347162478,4
shape,36,10,0.025053674938467885,4
shape,36,11,0.025043600776488262,4
shape,36,12,0.02515049998177088,4
shape,36,13,0.024914016334810052,4
shape,36,14,0.025757034911654264,4
shape,36,15,0.0251278017672788,4
shape,36,16,0.026328591347162478,4
shape,36,17,0.018315923316640448,4
shape,36,18,0.025757034911654264,4
shape,36,19,0.024770450222066587,4
shape,36,20,0.024791175394443088,4
shape,36,21,0.018315923316640448,4
shape,36,22,0.025053674938467996,4
shape,36,23,0.0251278017672788,4
shape,36,24,0.027162411074919235,4
shape,36,25,0.013978743764808788,4
shape,36,26,0.02502168745748068,4
shape,36,27,0.026752112275699513,4
shape,36,28,0.025053674938467996,4
shape,36,29,0.02483001889503489,4
shape,36,30,0.025217338835241687,4
shape,36,31,0.022197529587636322,4
shape,36,32,0.0251278017672788,4
shape,36,33,0.024992563052757433,4
shape,36,34,0.025007829685603666,4
shape,36,35,0.024403109328531847,4
shape,36,36,0.02502168745748068,4
shape,36,37,0.025043600776488262,4
shape,36,38,0.025043600776488262,4
shape,36,39,0.026328591347162478,4
shape,36,40,0.024992563052757433,4
shape,36,41,0.024886837227557357,4
shape,36,42,0.025757034911654264,4
shape,36,43,0.02519970443260755,4
shape,36,44,0.024886837227557357,4
shape,36,45,0.025255712633458494,4
shape,36,46,0.025255712633458494,4
shape,36,47,0.024992563052757433,4
shape,36,48,0.024886837227557357,4
shape,36,49,0.02508279733210883,4
shape,36,50,0.013978743764808788,4
shape,36,51,0.0251278017672788,4
shape,36,52,0.025007829685603666,4
shape,36,53,0.022731454084692126,3
shape,36,54,0.02467980303827233,4
shape,36,55,0.025043600776488262,4
shape,36,56,0.018315923316640448,4
shape,36,57,0.024791175394442977,4
shape,36,58,0.025255712633458494,4
shape,36,59,0.026752112275699513,4
shape,36,60,0.025255712633458494,4
shape,36,61,0.025217338835241687,4
shape,36,62,0.02508279733210883,4
shape,36,63,0.02753594436830109,4
shape,36,64,0.02467980303827233,4
shape,36,65,0.02483001889503489,4
shape,36,66,0.02753594436830109,4
shape,36,67,0.024886837227557357,4
shape,36,68,0.025976946132306944,4
shape,36,69,0.02382739919344201,4
shape,36,70,0.025043600776488262,4
shape,36,71,0.0251278017672788,4
shape,36,72,0.018315923316640448,4
shape,36,73,0.026752112275699513,4
shape,36,74,0.022197529587636322,4
shape,36,75,0.02467980303827233,4
shape,36,76,0.026328591347162478,4
shape,36,77,0.02502168745748068,4
shape,36,78,0.026328591347162478,4
shape,36,79,0.022197529587636322,4
shape,36,80,0.024502021951568698,4
shape,36,81,0.027162411074919235,4
shape,36,82,0.024914016334810052,4
shape,36,83,0.013978743764808788,4
shape,36,84,0.013978743764808788,4
shape,36,85,0.02519970443260755,4
shape,36,86,0.024791175394442977,4
shape,36,87,0.021112489116040023,4
shape,36,88,0.02539945070992733,4
shape,36,89,0.025757034911654264,4
shape,36,90,0.02382739919344201,4
shape,36,91,0.0251278017672788,4
shape,36,92,0.025255712633458494,4
shape,36,93,0.02753594436830109,4
shape,36,94,0.013978743764808788,4
shape,36,95,0.025007829685603666,4
shape,36,96,0.02519970443260755,4
shape,36,97,0.025202485783065276,4
shape,36,98,0.02502168745748068,4
shape,36,99,0.026328591347162478,4
